1,奥野茉奈,オクノマナ,女,0288250107,1972/05/18
2,久保敏行,クボトシユキ,男,086288618,1984/10/13
3,長瀬由美,ナガセユミ,女,0548252320,1965/09/25
4,植田良子,ウエダヨシコ,女,0954083389,1977/03/18
5,安井二郎,ヤスイジロウ,男,0863204485,1976/10/16
6,太田菜摘,オオタナツミ,女,0294347376,1974/06/15
7,石橋俊樹,イシバシトシキ,男,0762018962,1965/12/28
8,池上隆史,イケガミタカシ,男,0982782051,1957/06/23
9,新垣講一,アラガキコウイチ,男,0742155460,1971/07/30
10,溝口孝太郎,ミゾグチコウタロウ,男,0774097467,1970/05/07
11,白川和枝,シラカワカズエ,女,0450325016,1958/01/21
12,富樫幸雄,トガシサチオ,男,0779296495,1975/06/23
13,池内誠,イケウチマコト,男,0746015923,1962/12/02
14,平岡幸彦,ヒラオカユキヒコ,男,0304716414,1989/03/02
15,吉岡華乃,ヨシオカカノ,女,0146907562,1958/10/19
16,前島真人,マエジママサト,男,0985588651,1970/10/15
17,荻原京子,オギワラキョウコ,女,0179945786,1969/08/02
18,沖茂夫,オキシゲオ,男,0735518951,1985/08/02
19,中嶋兼吉,ナカジマカネキチ,男,0193384351,1970/07/26
20,難波葵依,ナンバアオイ,女,0766101983,1976/02/01
21,栗原広幸,クリハラヒロユキ,男,0179141412,1959/12/31
22,小寺盛夫,オデラモリオ,男,0193929623,1995/09/11
23,古屋麻里子,フルヤマリコ,女,0956032458,1962/05/13
24,植松葉奈,ウエマツハナ,女,0749005166,1994/11/12
25,田口心音,タグチココネ,女,0824238129,1964/06/30
26,野口彩華,ノグチアヤカ,女,0655872217,1975/12/03
27,朝倉隆明,アサクラタカアキ,男,0223394587,1984/01/02
28,岡里紗,オカリサ,女,0984356375,1984/01/30
29,高倉咲,タカクラサキ,女,0824207863,1980/03/18
30,福沢美鈴,フクザワミスズ,女,0595051568,1965/05/19
31,近藤勝次,コンドウカツジ,男,0774504159,1988/06/19
32,甲斐由依,カイユイ,女,0297456877,1971/07/13
33,竹内亜紀子,タケウチアキコ,女,0977637944,1996/07/04
34,深井琉奈,フカイルナ,女,0853625248,1967/10/04
35,宮本珠希,ミヤモトタマキ,女,0762092622,1977/12/29
36,三島靖彦,ミシマヤスヒコ,男,0283777521,1964/09/01
37,谷口慶太,タニグチケイタ,男,0879517120,1994/06/18
38,小島文彦,オジマフミヒコ,男,0459454658,1985/04/13
39,中田響,ナカダヒビキ,女,0985150381,1993/10/12
40,中島裕信,ナカシマヒロノブ,男,0154901580,1974/04/21
41,野上英夫,ノガミヒデオ,男,0983931011,1970/05/26
42,松下優希,マツシタユウキ,女,0857125970,1995/01/09
43,南部彩奈,ナンブアヤナ,女,0867320210,1987/01/10
44,工藤愛子,クドウアイコ,女,0585194554,1972/04/22
45,野中早苗,ノナカサナエ,女,0747871469,1978/10/14
46,塚原彩加,ツカハラアヤカ,女,098455875,1985/01/19
47,河村邦仁,カワムラクニヒト,男,0276785030,1972/10/29
48,五味利恵,ゴミリエ,女,0244664190,1957/11/07
49,増田薫,マスダカオル,男,0263635175,1994/06/12
50,中塚三男,ナカツカミツオ,男,0555052163,1987/11/11
51,影山莉子,カゲヤマリコ,女,0790493168,1956/10/04
52,堀川忠三,ホリカワチュウゾウ,男,0598326158,1957/11/11
53,大倉新平,オオクラシンペイ,男,0982398532,1993/10/10
54,細野珠美,ホソノタマミ,女,0228473611,1993/06/11
55,進藤芽依,シンドウメイ,女,0853806470,1983/08/10
56,池谷清茂,イケタニキヨシ,男,0984702928,1965/04/30
57,勝又小春,カツマタコハル,女,0239318939,1995/10/18
58,稲田妃菜,イナダヒナ,女,0858540253,1989/02/26
59,手塚亜衣,テヅカアイ,女,0853775745,1961/05/27
60,中尾徳男,ナカオトクオ,男,0460651358,1995/05/24
61,猪俣紳悟,イノマタシンゴ,男,0936066922,1987/08/27
62,生田隆史,イクタタカシ,男,0287355051,1979/01/08
63,長沢久男,ナガサワヒサオ,男,0976171379,1957/11/18
64,金井武裕,カネイタケヒロ,男,0259799314,1988/01/22
65,片桐広幸,カタギリヒロユキ,男,0765263054,1960/07/15
66,川合一義,カワイカズヨシ,男,0887289501,1962/09/20
67,本多三郎,ホンダサブロウ,男,0195585099,1958/10/10
68,重松花音,シゲマツカノン,女,074034873,1970/01/16
69,高津桃華,タカツモモカ,女,0600377646,1984/10/15
70,江口栄伸,エグチヨシノブ,男,0767272528,1968/12/14
71,村瀬泰佑,ムラセタイスケ,男,0795735548,1958/09/13
72,西原麻世,ニシハラマヨ,女,0988959211,1979/10/12
73,永山誓三,ナガヤマセイゾウ,男,0282707696,1994/04/16
74,内山泰三,ウチヤマタイゾウ,男,0231611422,1977/12/21
75,小泉正元,コイズミマサヨシ,男,085916258,1959/01/06
76,河井桃子,カワイモモコ,女,0599627455,1963/05/11
77,横山邦夫,ヨコヤマクニオ,男,0880109395,1981/08/11
78,大内美穂,オウウチミホ,女,0527492736,1969/02/05
79,三村莉那,ミムラリナ,女,0555963675,1975/02/26
80,寺内貞夫,テラウチサダオ,男,026559779,1982/08/27
81,北栄一,キタエイイチ,男,0241718632,1983/09/24
82,浜本浩俊,ハマモトヒロトシ,男,0963657211,1959/04/11
83,東海林真依,ショウジマイ,女,0749586561,1957/06/10
84,栗山陽香,クリヤマハルカ,女,0883028152,1968/03/15
85,平賀泰介,ヒラガタイスケ,男,0882590771,1984/03/12
86,山村忍,ヤマムラシノブ,男,098384215,1983/07/05
87,稲田岩生,イナダイワオ,男,024965238,1983/09/14
88,福田欽也,フクダキンヤ,男,0950552341,1972/10/08
89,鬼頭優,キトウマサル,男,0238516168,1959/06/12
90,藤村紗耶,フジムラサヤ,女,0965236524,1994/02/03
91,高瀬信明,タカセノブアキ,男,024861968,1971/05/03
92,渡辺功一,ワタナベコウイチ,男,0943562002,1983/02/21
93,外山正信,ソトヤママサノブ,男,0873251927,1974/11/03
94,赤坂毅,アカサカタケシ,男,0778323818,1995/05/03
95,赤塚悦代,アカツカエツヨ,女,0858818595,1976/07/25
96,船橋長次郎,フナバシチョウジロウ,男,0438297095,1957/08/20
97,児玉成光,コダマナルミツ,男,0596444006,1960/11/17
98,海老原公男,エビハラキミオ,男,0462217595,1989/12/12
99,迫田利男,サコタトシオ,男,0889841914,1985/07/28
100,織田真緒,オダマオ,女,0767318607,1962/10/27
101,高岡佳祐,タカオカケイスケ,男,0870346328,1995/09/09
102,野沢義美,ノザワヨシミ,女,0445887482,1966/10/26
103,大庭安奈,オオニワアンナ,女,0284160388,1962/06/23
104,榎本典大,エノモトノリヒロ,男,094228061,1966/01/22
105,大林幸三郎,オオバヤシコウザブロウ,男,025749918,1991/08/08
106,増井由希子,マスイユキコ,女,0749584338,1989/07/17
107,高柳繁夫,タカヤナギシゲオ,男,0183370834,1991/04/26
108,茂木祐司,モギユウジ,男,0254785018,1959/03/30
109,長瀬香穂,ナガセカホ,女,054580941,1967/07/30
110,妹尾敏之,セノオトシユキ,男,0399586819,1991/06/18
111,藤原敏嗣,フジワラトシツグ,男,0746238194,1968/05/13
112,露木翼,ツユキツバサ,男,0272358854,1961/10/22
113,岩沢龍宏,イワサワリュウコウ,男,0740166919,1989/02/12
114,大熊瑞希,オオクマミズキ,女,0762289892,1960/11/24
115,吾妻守友,アズマモリトモ,男,0296887374,1969/06/09
116,吉崎友洋,ヨシザキトモヒロ,男,0858947857,1976/02/18
117,田沢俊明,タザワトシアキ,男,0531587351,1994/04/17
118,芦田裕子,アシダヒロコ,女,0234508618,1960/05/23
119,中塚優華,ナカツカユウカ,女,0824986603,1994/07/06
120,井手佳那子,イデカナコ,女,0693681851,1975/11/06
121,狩野璃子,カノウリコ,女,0765825652,1967/05/26
122,塩沢美怜,シオザワミレイ,女,0986623323,1981/02/04
123,松原靖彦,マツバラヤスヒコ,男,0934966594,1985/03/15
124,相良昭二,サガラショウジ,男,0520948915,1965/04/04
125,北野愛理,キタノアイリ,女,0737660273,1968/10/15
126,稲田清三,イナダセイゾウ,男,0585665539,1966/06/25
127,本村駿,モトムラシュン,男,0996124442,1956/11/08
128,牧洋晶,マキヒロアキ,男,0866527458,1966/10/19
129,石垣朋香,イシガキトモカ,女,0227469047,1981/03/09
130,野本穂花,ノモトホノカ,女,0492295079,1975/07/31
131,秦信太郎,ハタシンタロウ,男,0992903808,1976/11/24
132,中川淑子,ナカガワトシコ,女,0296263695,1974/10/09
133,堀井稔,ホリイミノル,男,0883469680,1956/12/08
134,北川貴美,キタガワキミ,女,0897462887,1994/09/17
135,楠本美空,クスモトミク,女,0871000290,1975/11/02
136,岡村勇三,オカムラユウゾウ,男,0152191547,1989/11/25
137,黒木国彦,クロキクニヒコ,男,0996685018,1977/11/11
138,柳遥香,ヤナギハルカ,女,0290607564,1957/09/03
139,吉原亜弥,ヨシワラアヤ,女,0998132444,1956/10/02
140,玉田美紗,タマダミサ,女,0769340664,1958/07/18
141,江田孝宏,エダタカヒロ,男,017476317,1995/03/23
142,末吉暢興,スエヨシノブオキ,男,0880377045,1991/01/24
143,斎藤高志,サイトウタカシ,男,0867462319,1975/09/16
144,吉原宏美,ヨシワラヒロミ,女,0983899784,1976/07/12
145,長谷部立哉,ハセベタツヤ,男,0466945316,1964/04/13
146,木村節子,キムラセツコ,女,0770897093,1976/03/05
147,太田千明,オオタチアキ,女,0852813855,1995/11/18
148,水島由依,ミズシマユイ,女,0774063642,1975/12/29
149,日下部心音,クサカベココネ,女,083536840,1971/05/08
150,宮城栄三郎,ミヤギエイザブロウ,男,0277702450,1972/05/12
151,結城佳那子,ユウキカナコ,女,0725910285,1975/03/30
152,藤井栄次郎,フジイエイジロウ,男,088659071,1963/01/10
153,野中清人,ノナカキヨト,男,0964566083,1961/11/07
154,長野麻友,ナガノマユ,女,0734851978,1963/11/30
155,平沢忠一,ヒラサワチュウイチ,男,0165150403,1992/07/12
156,杉野真悠,スギノマユ,女,0558142242,1973/01/26
157,津村滋,ツムラシゲル,男,0955231099,1992/02/28
158,中千代,ナカチヨ,女,0555123508,1968/10/28
159,吉澤茉央,ヨシザワマオ,女,0557463645,1981/06/11
160,名取治男,ナトリハルオ,男,0748527732,1984/01/03
161,藤沢栄蔵,フジサワエイゾウ,男,0178665400,1992/08/15
162,中谷義信,ナカタニヨシノブ,男,0742855474,1988/05/19
163,冨永道雄,トミナガミチオ,男,0556383271,1979/05/15
164,大河原俊子,オオガワラトシコ,女,0835390296,1980/06/14
165,菊池正司,キクチマサシ,男,0301732161,1994/03/07
166,赤松源治,アカマツゲンジ,男,0955170798,1960/06/12
167,江川昭彦,エガワアキヒコ,男,0188417460,1967/03/28
168,飛田欧子,トビタヒロコ,女,0299530184,1956/10/19
169,奥山利昭,オクヤマトシアキ,男,018659750,1962/05/09
170,浦野浩重,ウラノヒロシゲ,男,0973420255,1970/08/26
171,大澤信明,オオサワノブアキ,男,0594178863,1971/11/12
172,荻原厚,オギワラアツシ,男,096794288,1972/11/08
173,吉原穂乃佳,ヨシワラホノカ,女,0469983151,1981/12/18
174,寺島陽花,テラシマハルカ,女,0892360942,1957/04/16
175,朝倉結,アサクラユイ,女,0957929236,1993/08/20
176,石川花帆,イシカワカホ,女,074006058,1981/11/14
177,大久保一憲,オオクボカズノリ,男,087084055,1973/03/26
178,外山清司,ソトヤマキヨシ,男,0568788272,1967/11/11
179,藤野太郎,フジノタロウ,男,0769078796,1988/09/02
180,横溝美晴,ヨコミゾミハル,女,0836297270,1962/08/02
181,郡司優,グンジマサル,男,0982638136,1961/06/13
182,金田理桜,カナダリオ,女,0954467328,1981/07/11
183,植村勝一,ウエムラカツイチ,男,0952639688,1960/08/19
184,井上愛奈,イノウエアイナ,女,0866291977,1989/09/29
185,小椋尚志,オグラヒサシ,男,0988600835,1970/06/03
186,西脇忠雄,ニシワキタダオ,男,0769913048,1960/01/23
187,曽根美貴子,ソネミキコ,女,0225053022,1981/08/12
188,橋口貴美,ハシグチキミ,女,0984376476,1960/11/19
189,長野里咲,ナガノリサ,女,0550956816,1996/01/16
190,江成紗良,エナリサラ,女,0761339051,1960/11/23
191,永野治郎,ナガノジロウ,男,0870757167,1987/06/20
192,李奏,リカナデ,女,0881689076,1995/11/03
193,向井栄吉,ムカイエイキチ,男,05938304,1996/03/21
194,桜井利郎,サクライトシロウ,男,077987114,1982/10/27
195,吉永俊樹,ヨシナガトシキ,男,0963159736,1993/07/14
196,根本定雄,ネモトサダオ,男,0265249357,1974/07/19
197,宮脇章二,ミヤワキショウジ,男,0884189276,1957/11/15
198,栗山宏明,クリヤマヒロアキ,男,0174560604,1990/01/28
199,岩下圭子,イワシタケイコ,女,0244251572,1980/03/31
200,大井忠,オオイタダシ,男,0269558689,1972/11/13
201,田村紗那,タムラサナ,女,0584665528,1965/12/26
202,今望美,コンノゾミ,女,0443582271,1971/11/28
203,高見基之,タカミモトユキ,男,0852856486,1966/01/18
204,新保洋一郎,シンポヨウイチロウ,男,0983239301,1981/05/30
205,室井博史,ムロイヒロシ,男,0224286731,1988/07/02
206,藤川正昭,フジカワマサアキ,男,0258893949,1964/12/07
207,長野優衣,ナガノユイ,女,0962699212,1960/05/04
208,吉永彩華,ヨシナガアヤカ,女,0578276061,1981/10/15
209,三井佐知子,ミツイサチコ,女,0974652335,1980/09/09
210,稲田綾華,イナダアヤカ,女,026782350,1979/04/12
211,前川俊史,マエカワトシフミ,男,0982845333,1983/04/26
212,角田進一,カクタシンイチ,男,028776292,1964/09/25
213,川合杏樹,カワイアンジュ,女,0856409646,1994/07/18
214,中谷章平,ナカタニショウヘイ,男,0300270910,1964/08/03
215,宮坂和裕,ミヤサカカズヒロ,男,0748296337,1982/08/02
216,羽鳥百華,ハトリモモカ,女,0465733206,1964/06/25
217,阿部美奈代,アベミナヨ,女,0261234805,1981/10/21
218,北野久美子,キタノクミコ,女,0877335407,1985/11/30
219,栗本芽衣,クリモトメイ,女,0274029184,1974/03/21
220,大野仁継,オオノマサツグ,男,0176841284,1964/04/26
221,芦田千里,アシダチサト,女,0778134034,1958/03/25
222,黒木夏音,クロキカノン,女,0246938758,1992/07/02
223,河内直子,カワウチナオコ,女,017814557,1962/03/13
224,浜野響子,ハマノキョウコ,女,0791359012,1957/09/24
225,内野花音,ウチノカノン,女,058597911,1980/04/04
226,森永栄一郎,モリナガエイイチロウ,男,0176878345,1990/06/15
227,大矢勝利,オオヤカツトシ,男,0959829216,1972/09/11
228,児玉克美,コダマカツミ,男,0985951243,1981/09/28
229,横尾義和,ヨコオヨシカズ,男,0779717715,1962/05/18
230,長嶋知里,ナガシマチサト,女,0192048585,1984/02/25
231,小池修一,コイケシュウイチ,男,0558033822,1988/07/12
232,畑中薫,ハタナカカオル,女,0482148460,1986/12/08
233,白川音々,シラカワネネ,女,0416720712,1968/02/03
234,佐藤雅人,サトウマサト,男,048739065,1967/08/18
235,寺本豊樹,テラモトトヨキ,男,0938329564,1995/02/24
236,大平篤彦,オオヒラアツヒコ,男,0857715258,1995/01/18
237,平尾雪子,ヒラオユキコ,女,0766427139,1958/05/31
238,滝田莉緒,タキタリオ,女,0769663269,1972/08/16
239,丸田真紀,マルタマキ,女,0942925731,1978/04/17
240,森本愛実,モリモトマナミ,女,0774824120,1981/02/05
241,米山美姫,コメヤマミキ,女,0988652960,1989/03/15
242,米山美菜,コメヤマミナ,女,0554542626,1966/05/21
243,羽鳥義則,ハトリヨシノリ,男,0950924755,1963/09/17
244,斎藤裕子,サイトウヒロコ,女,0592986509,1965/12/21
245,滝沢瑞稀,タキザワミズキ,女,0983298402,1977/08/18
246,浜由香里,ハマユカリ,女,097273380,1987/03/17
247,柳原敏哉,ヤナギハラトシヤ,男,0529016559,1971/12/22
248,梅原隆二,ウメハラリュウジ,男,0277606482,1980/04/17
249,水野善吉,ミズノゼンキチ,男,0272469841,1974/01/08
250,若山宏寿,ワカヤマヒロトシ,男,0861060023,1970/08/04
251,浜田果凛,ハマダカリン,女,0761297037,1987/06/13
252,高橋優月,タカハシユヅキ,女,0798194089,1976/01/13
253,山崎禎,ヤマザキタダシ,男,0959437764,1965/03/06
254,河野恒男,カワノツネオ,男,0791932443,1982/12/25
255,池本実,イケモトミノル,男,0954897275,1981/12/27
256,福山勉,フクヤマツトム,男,0957869548,1987/01/03
257,中井厚吉,ナカイコウキチ,男,0267535343,1979/05/31
258,塚原広司,ツカハラヒロシ,男,0237562424,1972/10/22
259,斉藤紗季,サイトウサキ,女,0291927971,1972/12/20
260,小島杏奈,オジマアンナ,女,08681117,1989/03/04
261,米山知代,コメヤマトモヨ,女,0184907303,1989/08/23
262,坂井小夏,サカイコナツ,女,0859828909,1991/04/22
263,千田道夫,センダミチオ,男,0294370869,1971/02/08
264,堀日出夫,ホリヒデオ,男,0974570720,1969/05/22
265,武井真優,タケイマユ,女,0247046825,1981/10/21
266,岡野美桜,オカノミオ,女,0259013652,1970/01/07
267,花井葵依,ハナイアオイ,女,0778234302,1971/11/08
268,永山千鶴子,ナガヤマチヅコ,女,054695203,1986/08/03
269,山形涼香,ヤマガタスズカ,女,0974472833,1976/07/10
270,長田琴子,ナガタコトコ,女,083677305,1972/09/18
271,成瀬貞,ナルセサダ,女,0872998657,1979/07/04
272,安永奈菜,ヤスナガナナ,女,0969742380,1983/01/21
273,加賀和歌子,カガワカコ,女,0236480942,1962/05/17
274,影山哲,カゲヤマサトシ,男,0749085306,1979/01/27
275,広田博久,ヒロタヒロヒサ,男,0858641612,1964/03/05
276,多田信吉,オオタシンキチ,男,0593768783,1990/11/16
277,喜多奈美,キタナミ,女,019178277,1988/05/25
278,江口里香,エグチリカ,女,0987615563,1983/09/04
279,野崎広司,ノザキヒロシ,男,0781082274,1971/11/05
280,松浦茜,マツウラアカネ,女,0795521032,1991/04/05
281,今川若菜,イマガワワカナ,女,0238801845,1974/06/30
282,塩沢美晴,シオザワミハル,女,0277003282,1988/08/31
283,阿久津和徳,アクツカズノリ,男,028039793,1972/12/29
284,亀田恭之,カメダヤスユキ,男,0181877884,1962/09/11
285,吉沢一,ヨシザワハジメ,男,088087649,1958/07/04
286,志賀吉彦,シガヨシヒコ,男,0887014518,1986/12/02
287,秋葉美恵子,アキバミエコ,女,0176810541,1966/10/10
288,中山由姫,ナカヤマユキ,女,074486021,1961/08/06
289,保田美恵子,ヤスダミエコ,女,0576212240,1990/04/18
290,堀越春代,ホリコシハルヨ,女,0880597873,1979/09/23
291,羽田莉奈,ハタリナ,女,0182694415,1960/11/20
292,平岡芳雄,ヒラオカヨシオ,男,0977036767,1981/11/12
293,保田英晴,ヤスダヒデハル,男,0286543539,1963/02/08
294,市村実,イチムラミノル,男,0244336891,1995/09/20
295,菅恭子,カンキョウコ,女,0776161601,1970/12/07
296,片野莉歩,カタノリホ,女,0146647948,1958/04/20
297,諸星信雄,モロボシノブオ,男,0230646097,1963/03/20
298,中川早苗,ナカガワサナエ,女,0967507587,1989/03/10
299,高野香奈子,タカノカナコ,女,0836295636,1979/02/19
300,浦野真紗子,ウラノマサコ,女,0768690052,1958/11/20
301,守屋将文,モリヤマサフミ,男,0978267317,1979/05/22
302,南田辰二,ミナミダタツジ,男,0863757273,1976/07/30
303,高松幸四郎,タカマツコウシロウ,男,0859308029,1968/01/25
304,長野一彦,ナガノカズヒコ,男,0533780001,1965/04/18
305,桑田桃佳,クワタモモカ,女,0886075798,1965/06/24
306,早川美枝子,ハヤカワミエコ,女,0859295886,1986/01/27
307,岩下博満,イワシタヒロミツ,男,0797451626,1988/03/06
308,富沢正吾,トミザワショウゴ,男,0739010172,1977/04/09
309,岩渕心春,イワブチコハル,女,0894086949,1964/10/23
310,児玉登美子,コダマトミコ,女,0949705623,1987/01/22
311,松崎喜代治,マツザキキヨジ,男,024065417,1973/09/09
312,近藤勇次,コンドウユウジ,男,0186884076,1971/03/08
313,竹本弘之,タケモトヒロユキ,男,0339572586,1987/06/16
314,石塚蓮,イシヅカレン,男,0768714905,1975/07/09
315,大沼順子,オオヌマジュンコ,女,0881789979,1985/09/23
316,今泉真由子,イマイズミマユコ,女,0174142627,1994/12/16
317,有賀美涼,アリガミスズ,女,0749480347,1961/09/17
318,相沢篤,アイザワアツシ,男,07361639,1968/09/24
319,大平昭,オオヒラアキラ,男,0767481834,1992/03/17
320,池田佐和,イケダサワ,女,0289186435,1975/06/01
321,小幡悠菜,オバタユウナ,女,0689485194,1982/07/30
322,岩谷善一,イワタニゼンイチ,男,0870613167,1995/06/04
323,小山田志穂,オヤマダシホ,女,0862500009,1976/08/04
324,森脇長蔵,モリワキチョウゾウ,男,0734970739,1989/07/18
325,志賀沙也香,シガサヤカ,女,0253584804,1971/08/16
326,池谷深雪,イケタニミユキ,女,0791408752,1975/07/17
327,永田文隆,ナガタフミタカ,男,0154995420,1964/11/18
328,加瀬戸敷,カセトシキ,男,098496620,1960/04/24
329,大木史織,オオキシオリ,女,0493458375,1990/05/15
330,松村緑,マツムラミドリ,女,0835212104,1976/06/14
331,市村重吉,イチムラジュウキチ,男,0894399693,1988/09/06
332,峰金之助,ミネキンノスケ,男,0639175114,1980/12/01
333,木原久美,キハラクミ,女,088970190,1985/02/14
334,井沢裕之,イザワヒロユキ,男,0883778977,1958/12/14
335,大前亜紀,オオマエアキ,女,0184714060,1966/05/24
336,丹野宏次,タンノコウジ,男,0984461638,1962/08/07
337,染谷義行,ソメヤヨシユキ,男,0533973255,1960/11/04
338,高木勝次,タカギカツジ,男,015206335,1971/12/18
339,岩瀬守男,イワセモリオ,男,0194818895,1956/11/10
340,平岡紗希,ヒラオカサキ,女,0887916990,1963/06/18
341,熊田政利,クマダマサトシ,男,0494004702,1970/05/08
342,小出琴音,オデコトネ,女,0784317973,1982/10/13
343,黒崎雛乃,クロザキヒナノ,女,0586743258,1975/12/17
344,日野亜弥,ヒノアヤ,女,0275687975,1985/01/06
345,鬼頭棟上,キトウトウジョウ,女,0749402241,1984/03/18
346,阪本遥奈,サカモトハルナ,女,0865976288,1984/07/09
347,栗林政子,クリバヤシマサコ,女,0617645207,1985/07/01
348,武田遼,タケダハルカ,女,0849936029,1965/07/23
349,浅野美穂子,アサノミホコ,女,0795878259,1996/04/06
350,石渡野乃花,イシワタリノノカ,女,0921666657,1995/07/16
351,宮本貞夫,ミヤモトサダオ,男,0465172005,1965/04/24
352,宇都宮茂行,ウツノミヤシゲユキ,男,0829278065,1990/01/21
353,高沢弘子,タカザワヒロコ,女,0992606287,1972/04/23
354,越智正司,オチマサシ,男,0834046216,1956/09/11
355,久米寧々,クメネネ,女,0175381307,1971/03/26
356,菊田正一,キクタショウイチ,男,0225570741,1994/02/09
357,野中毅雄,ノナカタケオ,男,0237502505,1989/01/08
358,小峰頼子,コミネヨリコ,女,0555568969,1974/01/08
359,長浜梅吉,ナガハマウメキチ,男,0248661609,1968/11/23
360,松元憲二,マツモトケンジ,男,058969251,1981/10/21
361,矢沢春菜,ヤザワハルナ,女,0288610801,1960/03/29
362,泉静,イズミシズ,女,0784002752,1985/08/29
363,宮崎葵依,ミヤザキアオイ,女,0673707815,1980/11/26
364,米倉楓花,ヨネクラフウカ,女,0770159591,1967/08/01
365,楠沙也香,クスノキサヤカ,女,0970094825,1959/07/22
366,白川佳代,シラカワカヨ,女,0880101623,1982/05/10
367,福本千里,フクモトチサト,女,0292257789,1976/12/29
368,岩井夏子,イワイナツコ,女,0967852994,1963/12/20
369,安原晴久,ヤスハラハルヒサ,男,0269815072,1962/08/12
370,板橋綾音,イタバシアヤネ,女,0244539729,1965/12/23
371,北山麻衣,キタヤママイ,女,0373315517,1975/10/27
372,齋藤喜八郎,サイトウキハチロウ,男,019542849,1964/10/22
373,篠原喜一郎,シノハラキイチロウ,男,0849331034,1971/03/16
374,土田義光,ツチダヨシミツ,男,0183250383,1975/08/05
375,川崎花鈴,カワサキカリン,女,095579090,1987/09/08
376,笹原貢,ササハラミツグ,男,0893049539,1982/11/25
377,永井正孝,ナガイマサタカ,男,0468181222,1977/03/11
378,市川俊史,イチカワトシフミ,男,0769338382,1987/09/22
379,村山友吉,ムラヤマトモヨシ,男,0189536023,1980/03/25
380,岩谷芽依,イワタニメイ,女,0566871141,1993/08/07
381,杉山理緒,スギヤマリオ,女,0455058317,1983/09/11
382,堀口颯,ホリグチソウ,男,0233439906,1961/11/27
383,川嶋雅美,カワシママサミ,女,0776496027,1989/04/15
384,小沢靖,オザワヤスシ,男,0827709255,1990/10/12
385,北川修子,キタガワシュウコ,女,0256481621,1986/03/12
386,佐伯光夫,サエキミツオ,男,0335443264,1984/02/06
387,野村孝雄,ノムラタカオ,男,087697019,1974/12/20
388,吉永幸一,ヨシナガコウイチ,男,0263751513,1977/02/20
389,赤木倫子,アカギミチコ,女,0843348172,1986/10/13
390,李昭吉,リショウキチ,男,0290466531,1990/05/07
391,金沢咲月,カナザワサツキ,女,0186647011,1966/09/14
392,梅原昭治,ウメハラショウジ,男,0698590053,1993/02/21
393,小畑朝子,オバタトモコ,女,0928021028,1960/03/19
394,露木輝夫,ツユキテルオ,男,0580826143,1967/05/05
395,大山昌男,オオヤママサオ,男,0550955772,1995/02/19
396,水島沙耶香,ミズシマサヤカ,女,0985362440,1990/01/08
397,北野佳典,キタノヨシノリ,男,0261971939,1989/08/17
398,吉崎幹夫,ヨシザキミキオ,男,0736093181,1971/04/19
399,山村恵子,ヤマムラケイコ,女,0591931697,1996/04/29
400,中沢雅春,ナカザワマサハル,男,0974355462,1979/09/07
401,竹下勝一,タケシタカツイチ,男,0834023110,1960/10/06
402,小野麻美,オノアサミ,女,0747002414,1979/01/31
403,平沢泰佑,ヒラサワタイスケ,男,0858190630,1986/02/07
404,真野伊吹,マノイブキ,女,0447195609,1976/10/02
405,塚原大地,ツカハラダイチ,男,0744481697,1974/12/26
406,滝本正次郎,タキモトショウジロウ,男,0761632426,1995/08/24
407,石塚優起,イシヅカユウキ,男,0735720615,1967/10/04
408,岡部義行,オカベヨシユキ,男,0783700924,1972/01/20
409,佐伯雅之,サエキマサユキ,男,0749244503,1958/01/18
410,田川志歩,タガワシホ,女,0429290897,1958/09/28
411,森川文音,モリカワアヤネ,女,0929157625,1985/04/17
412,黒崎正平,クロザキショウヘイ,男,0328262307,1958/06/25
413,荒川美南,アラカワミナミ,女,0722310209,1958/02/09
414,長井俊昭,ナガイトシアキ,男,0758804968,1976/09/25
415,川村宏行,カワムラヒロユキ,男,0557144483,1963/10/30
416,井上剛,イノウエタケシ,男,075286193,1964/10/28
417,大山達行,オオヤマタツユキ,男,0247084465,1985/09/09
418,渡邊由太郎,ワタナベヨシタロウ,男,0145950978,1974/11/22
419,大貫栄三,オオヌキエイゾウ,男,0765160639,1994/03/10
420,奥夏音,オクカノン,女,0153468828,1987/07/14
421,本多厚吉,ホンダコウキチ,男,0748734942,1983/04/22
422,末永俊昭,スエナガトシアキ,男,0872485141,1995/06/19
423,北島竜雄,キタジマタツオ,男,0886353258,1986/04/07
424,相川愛奈,アイカワアイナ,女,0954657328,1964/11/28
425,菅井正春,スガイマサハル,男,0223052048,1963/10/15
426,新倉泰,ニイクラヤスシ,男,0766244208,1967/06/15
427,坂彩芽,バンアヤメ,女,0442775541,1991/10/17
428,北尾徳美,キタオトクミ,女,0241637912,1971/06/18
429,梅津桃歌,ウメヅモモカ,女,0266783374,1972/03/17
430,小村英実,コムラヒデミ,男,0599536833,1985/06/07
431,福田宙子,フクダヒロコ,女,0781231660,1964/09/23
432,大原雛子,オオハラヒナコ,女,0891183602,1972/05/22
433,雨宮勝美,アメミヤカツミ,男,0859990066,1967/10/26
434,志村小枝子,シムラサエコ,女,0858731983,1968/06/28
435,青柳美鈴,アオヤギミスズ,女,0984828752,1991/12/04
436,松井啓三,マツイケイゾウ,男,054508852,1959/03/31
437,日下舞香,クサカマイカ,女,0967908792,1971/05/10
438,並木重治,ナミキシゲハル,男,0763304304,1968/05/27
439,嶋田昭子,シマダアキコ,女,0640157349,1982/01/22
440,松原広昭,マツバラヒロアキ,男,0590624163,1992/10/05
441,杉山佳歩,スギヤマカホ,女,0999264524,1963/07/24
442,塚越紀夫,ツカゴシノリオ,男,0561618635,1966/12/20
443,岩瀬淳三,イワセジュンゾウ,男,0594946808,1973/12/23
444,西口碧衣,ニシグチアオイ,女,0888254238,1978/04/13
445,片山敬,カタヤマタカシ,男,0957635819,1963/02/11
446,滝川泉,タキガワイズミ,女,0796142371,1965/07/19
447,小野寺理恵子,オノデラリエコ,女,0893780693,1990/04/14
448,雨宮雅彦,アメミヤマサヒコ,男,0378556538,1989/07/26
449,木下嘉男,キノシタヨシオ,男,0765060575,1971/08/25
450,村岡省三,ムラオカショウゾウ,男,0998639807,1979/10/31
451,海野愛海,ウミノマナミ,女,0922176838,1981/05/16
452,福地愛結,フクチアユ,女,088735158,1982/09/27
453,末吉麗華,スエヨシレイカ,女,0770422765,1972/10/13
454,寺沢忠吉,テラサワチュウキチ,男,077612096,1983/02/04
455,並木沙紀,ナミキサキ,女,014474873,1960/08/27
456,田川昌之,タガワマサユキ,男,0859627785,1957/01/20
457,横井一夫,ヨコイカズオ,男,0225718251,1993/07/25
458,山口慶一,ヤマグチケイイチ,男,0173912874,1958/11/06
459,野原信夫,ノハラノブオ,男,0457947165,1983/09/04
460,近藤柚希,コンドウユズキ,女,0112333481,1977/11/29
461,渥美正俊,アツミマサトシ,男,0198244975,1982/05/16
462,大倉貴美,オオクラキミ,女,0760025839,1971/04/14
463,増山文音,マスヤマアヤネ,女,0987002631,1978/03/28
464,野田咲来,ノダサクラ,女,0153189714,1969/12/10
465,青山梨子,アオヤマリコ,女,0957134274,1978/10/31
466,沢田文隆,サワダフミタカ,男,0832175611,1959/12/02
467,宇佐美一二三,ウサミヒフミ,女,0884280041,1977/12/28
468,横溝祐一郎,ヨコミゾユウイチロウ,男,0889682961,1974/12/06
469,安井真悠,ヤスイマユ,女,0929797663,1992/05/12
470,石岡彩,イシオカアヤ,女,0747472902,1966/07/24
471,栗原利郎,クリハラトシロウ,男,0247255965,1977/08/16
472,笠井瑞姫,カサイミズキ,女,0223793500,1983/02/02
473,岩崎博信,イワサキヒロノブ,男,0971154901,1986/07/09
474,神戸金一,コウベキンイチ,男,0730507397,1977/07/08
475,平耕筰,タイラコウサク,男,086502713,1993/02/21
476,小田政吉,オダマサキチ,男,0248345537,1983/11/29
477,秋葉雅子,アキバマサコ,女,027204809,1962/02/21
478,安斎心咲,アンザイミサキ,女,0182945079,1996/01/19
479,宮崎彩那,ミヤザキアヤナ,女,0983484720,1994/10/16
480,恩田杏,オンダアン,女,0277870587,1965/03/02
481,菊池一花,キクチイチカ,女,0469418293,1973/04/24
482,斉藤悦夫,サイトウエツオ,男,0892715872,1965/08/27
483,細谷邦子,ホソヤクニコ,女,0586551359,1967/09/11
484,布施美羽,フセミウ,女,0876115813,1984/03/02
485,藤田希,フジタノゾミ,女,0749506073,1963/05/29
486,保坂愛奈,ホサカアイナ,女,0276744975,1976/10/15
487,北原重義,キタハラシゲヨシ,男,077455286,1969/12/22
488,大淵創,オオブチハジメ,男,0349417436,1977/09/28
489,富永昌之,トミナガマサユキ,男,0152001875,1987/06/29
490,新井俊男,アライトシオ,男,0235092517,1986/02/16
491,西沢菊男,ニシザワキクオ,男,0187450768,1985/08/24
492,杉村松男,スギムラマツオ,男,0763753974,1971/06/10
493,江原美優,エバラミユウ,女,0297215236,1978/06/13
494,大木健,オオキケン,男,0652565413,1976/01/30
495,松島完治,マツシマカンジ,男,0768674177,1984/06/22
496,曽根健吉,ソネケンキチ,男,0986313572,1958/09/08
497,田畑恒敏,タバタツネトシ,男,0268177077,1965/07/01
498,石本洋次,イシモトヨウジ,男,0156213758,1987/03/12
499,武井丈人,タケイタケト,男,0464118463,1989/06/20
500,広田郁夫,ヒロタイクオ,男,0428127022,1983/02/06
501,長谷川勝利,ハセガワカツトシ,男,0954540958,1976/05/15
502,西凛子,ニシリンコ,女,0573731010,1978/01/06
503,高見高志,タカミタカシ,男,0820721372,1983/02/25
504,大石莉菜,オオイシリナ,女,0366078591,1987/04/24
505,野島真樹,ノジママキ,女,0992917932,1991/05/15
506,益子義孝,マスコヨシタカ,男,0233008862,1985/02/09
507,後藤小梅,ゴトウコウメ,女,08749349,1973/01/27
508,大高豊治,オオダカトヨジ,男,0898186719,1986/01/19
509,須賀梨央,スガリオ,女,0857361102,1970/09/14
510,仲野慎一郎,ナカノシンイチロウ,男,0859781075,1992/03/20
511,安川綾菜,ヤスカワアヤナ,女,0763480388,1970/09/17
512,富樫信玄,トガシシンゲン,男,0871557347,1972/01/03
513,片山徳子,カタヤマノリコ,女,0440498041,1995/01/13
514,大矢信之,オオヤノブユキ,男,0744086042,1968/11/16
515,米沢咲子,ヨネザワサキコ,女,0299472875,1985/03/11
516,有田華乃,アリタカノ,女,0920699409,1962/08/07
517,久保豊子,クボトヨコ,女,0254861233,1971/10/01
518,宇都宮茉奈,ウツノミヤマナ,女,0972296583,1968/09/23
519,平野健司,ヒラノケンジ,男,0225542749,1977/05/30
520,泉佳那子,イズミカナコ,女,097999361,1989/05/21
521,河原穂乃香,カワハラホノカ,女,0740058967,1957/08/17
522,堀江圭二,ホリエケイジ,男,0876140878,1986/08/17
523,川口昭吾,カワグチショウゴ,男,0385353963,1967/10/06
524,徳永梨子,トクナガリコ,女,0554497009,1986/12/24
525,浅井善次,アサイヨシツグ,男,0243420487,1973/02/20
526,水野勝義,ミズノカツヨシ,男,0485082001,1983/07/17
527,西脇祐一郎,ニシワキユウイチロウ,男,0293702056,1980/05/28
528,須賀政吉,スガマサキチ,男,0183761400,1988/01/22
529,横田雅樹,ヨコタマサキ,男,0929579977,1984/09/06
530,梅沢優羽,ウメザワユウ,女,0856795442,1994/11/22
531,水田日菜乃,ミズタヒナノ,女,0170049357,1979/04/17
532,稲垣賢,イナガキケン,男,095636243,1987/09/22
533,中原冨士子,ナカハラフジコ,女,0855604112,1964/12/03
534,岡和歌子,オカワカコ,女,0889933743,1960/02/20
535,小原淳子,オハラジュンコ,女,0555002159,1970/03/31
536,新井由紀江,アライユキエ,女,0585820691,1971/08/19
537,野崎弥生,ノザキヤヨイ,女,0964359625,1974/10/08
538,水上真理子,ミズカミマリコ,女,0438807051,1962/12/28
539,藤原広明,フジワラヒロアキ,男,0289696902,1981/08/05
540,脇田賢明,ワキタタテアキ,男,0582604907,1981/08/31
541,細井十郎,ホソイジュウロウ,男,0746906559,1974/03/21
542,村田颯,ムラタソウ,男,0996752638,1971/03/22
543,磯崎理沙,イソザキリサ,女,0894429567,1963/10/03
544,入江藤雄,イリエフジオ,男,0880850182,1995/03/18
545,金丸理香,カナマルリカ,女,046667457,1986/05/05
546,平野美空,ヒラノミク,女,0260916558,1988/01/17
547,福田璃奈,フクダリナ,女,073682037,1996/03/02
548,梅村正利,ウメムラマサトシ,男,0740755480,1959/08/30
549,寺岡胡春,テラオカコハル,女,0872629020,1968/03/01
550,河内智博,カワウチトモヒロ,男,0289548806,1976/02/05
551,嶋田麻由,シマダマユ,女,0959735623,1986/12/25
552,神崎凪,カンザキナギ,女,0872788841,1982/04/25
553,寺沢祥治,テラサワショウジ,男,0599098890,1993/10/24
554,長友隆吾,ナガトモリュウゴ,男,095239701,1976/01/18
555,飯塚信次,イイヅカシンジ,男,026196691,1994/10/05
556,井上綾奈,イノウエアヤナ,女,0732479062,1993/06/10
557,津田真美,ツダマミ,女,0772121498,1963/09/01
558,細井優那,ホソイユウナ,女,0191398599,1965/02/12
559,井本完治,イモトカンジ,男,0582450353,1993/01/14
560,吉田絵里,ヨシダエリ,女,011395847,1985/10/01
561,春日美奈代,カスガミナヨ,女,0242247621,1995/01/26
562,大森志保,オオモリシホ,女,0931065078,1995/03/10
563,高嶋講一,タカシマコウイチ,男,0875022377,1956/11/29
564,須藤有正,スドウアリマサ,男,042881885,1964/03/30
565,吉村美恵子,ヨシムラミエコ,女,0281855801,1968/07/06
566,中里史郎,ナカザトシロウ,男,0176877259,1992/03/08
567,山崎文隆,ヤマザキフミタカ,男,052765801,1985/02/19
568,武内玲子,タケウチレイコ,女,0878024006,1974/05/02
569,木本拓海,キモトタクミ,男,0983129104,1978/07/08
570,畑中英世,ハタナカヒデヨ,男,0932307746,1993/12/24
571,徳永雄大,トクナガユダイ,男,0834378395,1985/07/23
572,野上俊史,ノガミトシフミ,男,0554786241,1969/06/22
573,池谷亜矢,イケタニアヤ,女,0856371508,1963/05/24
574,榊原颯太,サカキバラソウタ,男,0797642198,1970/07/05
575,服部和義,ハットリカズヨシ,男,0867826388,1972/11/03
576,松崎鉄太郎,マツザキテツタロウ,男,0771126122,1969/05/28
577,細田正則,ホソダマサノリ,男,0820204523,1988/10/29
578,富樫道子,トガシミチコ,女,0595211017,1959/09/09
579,大島和幸,オオシマカズユキ,男,0858905322,1978/01/19
580,秋田節夫,アキタセツオ,男,0980412784,1981/06/27
581,寺田光昭,テラダミツアキ,男,0556031008,1989/06/26
582,滝川薫,タキガワカオル,女,0893090517,1993/10/26
583,塩谷千裕,シオタニチヒロ,女,0896650510,1957/11/15
584,根岸静,ネギシシズ,女,0669600349,1959/12/03
585,唐沢保,カラサワタモツ,男,0961236194,1980/08/23
586,北藤子,キタフジコ,女,0257413006,1975/09/23
587,神田優子,カンダユウコ,女,086691025,1981/02/16
588,竹本一博,タケモトカズヒロ,男,0575797621,1965/02/13
589,横溝胡桃,ヨコミゾクルミ,女,0176644763,1987/03/07
590,大倉柚香,オオクラユズカ,女,0145465972,1989/04/16
591,高見広志,タカミヒロシ,男,0463994284,1983/08/29
592,深田希実,フカダノゾミ,女,0776062409,1991/07/22
593,村山満雄,ムラヤマミツオ,男,078698860,1984/01/10
594,大矢文彦,オオヤフミヒコ,男,076564338,1979/11/12
595,石丸徳雄,イシマルトクオ,男,0595635515,1968/02/25
596,土井浩重,ドイヒロシゲ,男,0177876171,1968/07/12
597,日下部亨治,クサカベミチハル,男,086512651,1989/05/20
598,岩本芽衣,イワモトメイ,女,0269519346,1983/02/22
599,野島昌信,ノジママサノブ,男,0888297469,1961/05/07
600,赤松早苗,アカマツサナエ,女,0270658158,1965/07/21
601,浜崎敬,ハマザキタカシ,男,0867497376,1995/01/07
602,青木政志,アオキマサシ,男,0547473921,1980/08/10
603,大関舞,オオゼキマイ,女,074836890,1994/09/29
604,川島沙也佳,カワシマサヤカ,女,0761553110,1962/09/04
605,宮本幹雄,ミヤモトミキオ,男,0823593997,1982/08/02
606,影山康治,カゲヤマコウジ,男,0585277604,1972/11/19
607,大沼彩那,オオヌマアヤナ,女,0767019878,1992/09/11
608,鶴岡美結,ツルオカミユ,女,043895262,1985/02/04
609,花井和歌子,ハナイワカコ,女,0986999417,1976/06/04
610,瀬川孝司,セガワタカシ,男,0885542299,1984/12/30
611,松本楓香,マツモトフウカ,女,0736613207,1971/03/17
612,吉田年子,ヨシダトシコ,女,074288661,1963/06/06
613,影山伸夫,カゲヤマノブオ,男,0192122806,1982/09/16
614,青柳喜一郎,アオヤギキイチロウ,男,0576595999,1992/11/24
615,三原安子,ミハラヤスコ,女,0736067972,1960/04/11
616,新保眞子,シンポマコ,女,0966426940,1990/06/26
617,西沢佳織,ニシザワカオリ,女,0236629792,1958/08/09
618,高橋幸市,タカハシコウイチ,男,0991876922,1975/06/29
619,豊田里菜,トヨダリナ,女,0303900410,1983/07/15
620,望月穂香,モチヅキホノカ,女,0178015818,1983/03/24
621,篠崎紗矢,シノザキサヤ,女,0897756280,1984/10/09
622,江口三雄,エグチミツオ,男,0767303373,1958/06/03
623,鹿野里菜,カノリナ,女,0469989040,1992/09/11
624,吉田祐希,ヨシダユウキ,女,0790792341,1976/07/10
625,平尾若奈,ヒラオワカナ,女,0856101386,1989/07/18
626,長友珠美,ナガトモタマミ,女,0444312764,1956/10/27
627,日野美波,ヒノミナミ,女,0854910126,1981/06/14
628,神谷真歩,カミヤマホ,女,0778169291,1995/08/11
629,加藤円香,カトウマドカ,女,0533142970,1993/05/15
630,菅野照男,スガノテルオ,男,0871130217,1969/05/27
631,鳥居陽保,トリイハルヤス,男,0986083034,1957/03/25
632,丹野和仁,タンノカズヒト,男,0358671377,1967/03/28
633,小杉一美,コスギカズミ,女,0242532878,1963/01/18
634,仲田峰雄,ナカダミネオ,男,0832997266,1981/08/09
635,岡島邦雄,オカジマクニオ,男,0889462018,1984/10/17
636,岸圭子,キシケイコ,女,0955041679,1996/01/14
637,川村雅俊,カワムラマサトシ,男,0272871552,1971/05/12
638,波多野華凛,ハタノカリン,女,0987913821,1975/11/16
639,藤田果凛,フジタカリン,女,076941951,1974/01/05
640,江成国雄,エナリクニオ,男,0179703295,1980/03/14
641,大原咲良,オオハラサラ,女,0226203011,1960/10/11
642,花岡正次郎,ハナオカショウジロウ,男,0853989862,1990/01/03
643,島崎澄江,シマザキスミエ,女,0630084326,1982/01/31
644,浦野愛良,ウラノアイラ,女,0591059987,1989/01/12
645,織田隆明,オダタカアキ,男,0736330388,1956/12/22
646,長谷詩織,ナガヤシオリ,女,0738031988,1957/07/01
647,金井政雄,カネイマサオ,男,0278327260,1985/12/03
648,鮫島沙奈,サメジマサナ,女,0551103993,1959/11/22
649,小柳和人,コヤナギカズト,男,0765239006,1993/04/02
650,香坂幹雄,コウサカミキオ,男,0973967780,1983/02/01
651,伊藤常明,イトウツネアキ,男,0455702015,1972/12/12
652,原広治,ハラヒロジ,男,0599795095,1964/02/14
653,大淵孝行,オオブチタカユキ,男,0454591319,1967/12/12
654,大井好,オオイヨシ,女,0180622629,1991/08/29
655,土肥公一,ドイコウイチ,男,094248223,1985/02/17
656,滋賀幸司,シガコウジ,男,0854156629,1973/09/19
657,宍戸金作,シシドキンサク,男,0954714108,1990/04/12
658,武田奈津美,タケダナツミ,女,0188754441,1983/12/18
659,古山富夫,フルヤマトミオ,男,0531169144,1967/05/17
660,西田清蔵,ニシダセイゾウ,男,0858570371,1969/06/11
661,目黒誠之,メグロマサユキ,男,0620434399,1966/10/17
662,高岡琴音,タカオカコトネ,女,099268098,1989/03/11
663,吉沢重行,ヨシザワシゲユキ,男,0288673670,1973/03/23
664,谷川正明,タニガワマサアキ,男,0352582795,1992/03/09
665,上村和義,ウエムラカズヨシ,男,0967697276,1970/07/20
666,長崎葉奈,ナガサキハナ,女,0276540707,1984/05/11
667,上原政治,ウエハラマサジ,男,0223673851,1988/07/03
668,堀瑞穂,ホリミズホ,女,0224573608,1963/03/06
669,牧沙良,マキサラ,女,0736223461,1982/06/18
670,小柳真帆,コヤナギマホ,女,0288903997,1991/11/13
671,若山浩志,ワカヤマコウジ,男,0863862898,1987/10/14
672,有馬穂乃花,アリマホノカ,女,0761851093,1975/10/15
673,宍戸利平,シシドリヘイ,男,0862216251,1980/11/28
674,南田美穂子,ミナミダミホコ,女,0350401324,1957/07/30
675,西山陽菜,ニシヤマハルナ,女,024452962,1959/12/18
676,橘俊博,タチバナトシヒロ,男,0226692413,1975/06/22
677,坪田宏之,ツボタヒロユキ,男,019757070,1973/03/31
678,二宮顕子,ニノミヤアキコ,女,0280890299,1977/02/25
679,田沢一路,タザワカズミチ,男,0271816034,1968/05/28
680,風間光信,カザマミツノブ,男,0413534408,1969/01/04
681,依田良昭,イダヨシアキ,男,0957518422,1979/08/04
682,黒沢紗希,クロサワサキ,女,0770460675,1979/12/09
683,川井若奈,カワイワカナ,女,0400254556,1977/01/20
684,伊沢賢次,イザワケンジ,男,0971665688,1989/11/02
685,玉田加奈子,タマダカナコ,女,0597629454,1975/01/25
686,佐久間和代,サクマカズヨ,女,0266606610,1995/11/26
687,飯野丈夫,イイノタケオ,男,0974842495,1962/12/29
688,橋爪明憲,ハシヅメアキノリ,男,0439867022,1984/07/28
689,津田豊明,ツダトヨアキ,男,0862621029,1976/06/25
690,小谷辰二,コタニタツジ,男,0298272837,1978/03/17
691,城戸直道,キドタダミチ,男,0926572755,1973/12/03
692,寺島清三郎,テラシマセイザブロウ,男,0461839007,1959/02/11
693,斉藤七郎,サイトウシチロウ,男,0249216760,1971/04/26
694,吉澤真幸,ヨシザワマサキ,男,0223530076,1987/08/11
695,相沢彩希,アイザワサキ,女,0870087019,1966/10/11
696,樋口義光,ヒグチヨシミツ,男,0198602763,1992/05/03
697,滝本政弘,タキモトマサヒロ,男,0190545948,1969/07/31
698,舟木伊織,フナキイオリ,女,0855639710,1961/02/18
699,森川好夫,モリカワヨシオ,男,0789673893,1990/08/24
700,坂虎雄,バントラオ,男,0831958238,1996/03/03
701,矢沢優里,ヤザワユリ,女,053607437,1976/01/09
702,坂井棟上,サカイトウジョウ,女,0188905583,1965/06/14
703,池田清吉,イケダセイキチ,男,0943146334,1957/07/23
704,今川由佳,イマガワユカ,女,0468432345,1979/07/05
705,若松雄也,ワカマツユウヤ,男,0183303780,1995/01/16
706,山岡初音,ヤマオカハツネ,女,0865528707,1970/05/18
707,武井早紀,タケイサキ,女,015407953,1977/03/30
708,平野勝利,ヒラノカツトシ,男,029400541,1992/10/09
709,荒木和秀,アラキカズヒデ,男,0766510829,1994/08/27
710,佐川絢香,サガワアヤカ,女,0274039859,1979/10/02
711,岡田春美,オカダハルミ,女,026125823,1992/05/01
712,柳原俊博,ヤナギハラトシヒロ,男,0367559223,1983/01/15
713,榊原宏,サカキバラヒロシ,男,0765667044,1962/12/26
714,草野真紀子,クサノマキコ,女,0766162048,1956/12/23
715,八木巌,ヤギイワオ,男,0494326567,1961/12/25
716,細井清香,ホソイサヤカ,女,0972031026,1985/06/01
717,宮下雅敏,ミヤシタマサトシ,男,0254619281,1960/04/11
718,沢井幸真,サワイユキマサ,男,0985114834,1963/12/13
719,玉田洋一,タマダヨウイチ,男,0779271504,1984/01/06
720,安部雅保,アベマサヤス,男,092700912,1961/03/10
721,寺岡美怜,テラオカミレイ,女,0952611408,1970/02/10
722,杉原美樹,スギハラミキ,女,0790708968,1996/04/14
723,稲垣麻耶,イナガキマヤ,女,0742932225,1968/11/15
724,萩原三郎,ハギワラサブロウ,男,0318317507,1983/12/10
725,香坂理恵子,コウサカリエコ,女,0987666795,1956/11/06
726,脇田天音,ワキタアマネ,女,0544540039,1989/08/05
727,小嶋長次郎,オジマチョウジロウ,男,0824541053,1981/05/21
728,坂元実希子,サカモトミキコ,女,023364187,1965/02/09
729,長尾幸次郎,ナガオコウジロウ,男,0984668295,1959/06/26
730,池上茉奈,イケガミマナ,女,0171376145,1974/01/21
731,小西幸真,コニシユキマサ,男,085907822,1981/03/30
732,野沢尚生,ノザワヒサオ,男,0163548407,1995/09/29
733,笠原百花,カサハラモモカ,女,0584975098,1972/05/14
734,百瀬綾奈,モモセアヤナ,女,0844666757,1980/05/25
735,日比野弘之,ヒビノヒロユキ,男,0173531047,1983/04/20
736,森脇美由紀,モリワキミユキ,女,0763234805,1995/02/27
737,江原完治,エバラカンジ,男,0445642872,1975/02/13
738,山崎直行,ヤマザキナオユキ,男,0974563126,1964/09/03
739,神田博,カンダヒロシ,男,0789362618,1994/03/06
740,市原裕仁,イチハラヒロヒト,男,0857119165,1979/01/12
741,三好英紀,ミヨシヒデノリ,男,0773705381,1971/06/15
742,森川大輔,モリカワダイスケ,男,0455922968,1989/07/13
743,小畑泰,オバタヤスシ,男,0266114865,1991/12/16
744,藤村莉央,フジムラリオ,女,0868885776,1958/07/20
745,田渕元夫,タブチモトオ,男,0770287669,1993/03/07
746,梅本清次,ウメモトセイジ,男,0983516223,1969/05/02
747,坂東正義,バンドウマサヨシ,男,0889143436,1996/04/29
748,松本莉子,マツモトリコ,女,0597843790,1980/03/01
749,沖田結月,オキタユヅキ,女,0275339977,1980/03/15
750,西美千子,ニシミチコ,女,0768736828,1986/11/29
751,浅野千佐子,アサノチサコ,女,0957027327,1971/11/11
752,本橋優里,モトハシユリ,女,0558881532,1975/02/20
753,吉田与三郎,ヨシダヨサブロウ,男,074061357,1960/11/26
754,泉義郎,イズミヨシロウ,男,073640769,1979/06/16
755,安部文夫,アベフミオ,男,077223544,1981/01/01
756,新倉克己,ニイクラカツミ,男,0952533338,1967/08/27
757,滋賀幸,シガサチ,女,0964364307,1959/04/05
758,江口拓也,エグチタクヤ,男,0888914132,1980/03/12
759,安藤涼音,アンドウスズネ,女,0952127702,1957/03/29
760,田所雅也,タドコロマサヤ,男,045070002,1980/07/16
761,濱田藍,ハマダアイ,女,0895621279,1960/02/03
762,金丸守,カナマルマモル,男,0298661112,1995/09/03
763,山田香,ヤマダカオル,女,0763971196,1981/01/27
764,前島研治,マエジマケンジ,男,0930292104,1983/11/17
765,堤惟史,ツツミタダシ,男,0825163187,1957/09/12
766,河野洋文,カワノヒロフミ,男,0198404594,1960/11/04
767,難波正司,ナンバマサシ,男,0866534405,1968/04/02
768,三浦達雄,ミウラタツオ,男,0283848236,1975/02/15
769,白木竜一,シラキリュウイチ,男,0176692193,1958/05/01
770,田原絢香,タワラアヤカ,女,0550443789,1968/12/27
771,吉原勇次,ヨシワラユウジ,男,0822590568,1965/08/26
772,滝雅史,タキマサシ,男,0761176464,1990/05/17
773,清水信孝,キヨミズノブタカ,男,0241657616,1981/12/01
774,小西美愛,コニシミア,女,0223364244,1985/07/29
775,高尾久雄,タカオヒサオ,男,0574214881,1976/06/20
776,大内唯衣,オウウチユイ,女,0223652664,1975/03/15
777,岸本俊幸,キシモトトシユキ,男,0986810198,1986/09/03
778,片岡朱里,カタオカアカリ,女,0824855159,1965/02/19
779,東慶子,アズマケイコ,女,0959430918,1962/03/05
780,小栗梢,オグリコズエ,女,0766347332,1968/10/14
781,根本恵理,ネモトエリ,女,0440082013,1990/08/07
782,麻生友里,アソウユリ,女,0185941868,1988/11/04
783,古山花音,フルヤマカノン,女,0299262650,1966/11/11
784,浦野秀男,ウラノヒデオ,男,0228581616,1992/04/09
785,木戸綾音,キドアヤネ,女,0289612408,1995/03/17
786,福山武,フクヤマタケシ,男,0235230065,1995/04/06
787,安東美優,アンドウミユウ,女,0858294940,1957/04/17
788,柳茂雄,ヤナギシゲオ,男,0402241949,1961/01/26
789,豊田美子,トヨダヨシコ,女,0846456690,1981/10/29
790,野田沙織,ノダサオリ,女,0947909330,1982/12/03
791,吉本好克,ヨシモトヨシカツ,男,0767514192,1975/01/17
792,高嶋正紀,タカシママサキ,男,0776899230,1973/08/04
793,小嶋栞奈,オジマカンナ,女,0289750479,1969/11/12
794,栗山丈夫,クリヤマタケオ,男,0823705815,1981/08/09
795,黒木紗弥,クロキサヤ,女,0887316089,1975/08/26
796,梶原梓,カジワラアズサ,女,0878829845,1971/04/07
797,横川正広,ヨコカワマサヒロ,男,0868031961,1967/07/31
798,松島茂行,マツシマシゲユキ,男,0988490616,1971/11/23
799,村田雅康,ムラタマサヤス,男,0554174123,1980/06/21
800,芦田静枝,アシダシズエ,女,0469591662,1993/07/12
801,北野梨乃,キタノリノ,女,0575861684,1989/01/05
802,守屋雅江,モリヤマサエ,女,0296636553,1988/02/27
803,森川鈴,モリカワリン,女,0299467178,1975/03/27
804,坂口亨,サカグチトオル,男,0594892069,1993/03/01
805,平井柚,ヒライユズ,女,0584827744,1981/09/13
806,青柳時夫,アオヤギトキオ,男,0578525954,1958/05/15
807,関谷胡春,セキヤコハル,女,0572257703,1975/10/19
808,志田幸治,シダコウジ,男,0587550171,1983/01/04
809,山中学,ヤマナカマナブ,男,0736129017,1962/12/29
810,大平都,オオヒラミヤコ,女,0734854848,1979/09/02
811,平松真悠,ヒラマツマユ,女,0868799470,1983/04/30
812,田渕一子,タブチイチコ,女,073042011,1963/12/03
813,丸山稟,マルヤマリン,女,0227107129,1966/07/26
814,守屋沙良,モリヤサラ,女,052871907,1982/12/22
815,米沢珠希,ヨネザワタマキ,女,0981802056,1991/11/07
816,大川嘉子,オオカワヨシコ,女,0231792221,1966/02/05
817,中井重雄,ナカイシゲオ,男,0295657367,1991/01/31
818,安藤覚,アンドウサトシ,男,023255609,1963/07/29
819,皆川吉明,ミナガワヨシアキ,男,0272684704,1996/01/13
820,池内肇,イケウチハジメ,男,0176025522,1976/12/10
821,柴崎克彦,シバザキカツヒコ,男,0940934769,1963/10/22
822,長友明彦,ナガトモアキヒコ,男,0466873549,1959/12/03
823,金森隆三,カナモリリュウゾウ,男,0175145860,1974/04/15
824,西本理桜,ニシモトリオ,女,0745886521,1956/12/06
825,川村幸一郎,カワムラコウイチロウ,男,0798430511,1974/12/26
826,土井沙希,ドイサキ,女,0567564300,1991/10/18
827,土肥寛之,ドイヒロユキ,男,0866725907,1977/07/30
828,山上泉,ヤマガミイズミ,女,0730677335,1990/04/04
829,島田英治,シマダエイジ,男,0735623918,1968/07/27
830,並木来未,ナミキクルミ,女,0778537525,1984/09/03
831,小松忠良,コマツタダヨシ,男,0246935354,1976/08/05
832,田畑浩,タバタヒロシ,男,0983606977,1985/04/19
833,茂木幸恵,モギユキエ,女,0584717068,1969/01/08
834,長瀬俊文,ナガセトシフミ,男,0192889179,1990/11/15
835,下川勇吉,シモカワユウキチ,男,0771120366,1995/12/26
836,鹿野早紀,カノサキ,女,0554851072,1965/04/29
837,伴百合,バンユリ,女,0172785643,1965/01/26
838,柳田日向,ヤナギダヒナタ,女,0791831091,1962/12/21
839,麻生比呂美,アソウヒロミ,女,0524808014,1957/12/22
840,長沢陽菜,ナガサワハルナ,女,0971262415,1978/02/21
841,大林一太郎,オオバヤシイチタロウ,男,0792029801,1978/08/10
842,川島正美,カワシママサミ,女,018441323,1986/02/22
843,奥山佐一,オクヤマサイチ,男,0552388925,1970/01/27
844,栗山莉那,クリヤマリナ,女,0962092218,1990/04/10
845,野呂一也,ノロカズヤ,男,0763007310,1972/01/29
846,目黒麻紀,メグロマキ,女,0878140457,1979/01/29
847,野間千春,ノマチハル,女,0951376953,1958/11/21
848,永山好美,ナガヤマヨシミ,女,0731921821,1996/03/31
849,中里美紀子,ナカザトミキコ,女,0858601123,1956/12/13
850,内海麻紀,ウツミマキ,女,052325937,1979/12/14
851,安斉愛音,アンザイアイネ,女,0748868982,1972/05/18
852,深沢雅雄,フカザワマサオ,男,0769599654,1979/10/04
853,曽根数子,ソネカズコ,女,0878391459,1995/05/28
854,小出心,オデココロ,女,024717327,1966/12/21
855,砂川広吉,サガワヒロキチ,男,0117563964,1981/12/25
856,川本久美子,カワモトクミコ,女,0778305458,1972/01/17
857,堀井愛,ホリイアイ,女,0553057481,1976/04/21
858,小森理紗,コモリリサ,女,0984841722,1973/08/27
859,大田拓哉,オオタタクヤ,男,055527692,1958/10/27
860,中原彩音,ナカハラアヤネ,女,098215907,1978/01/09
861,猪俣伊織,イノマタイオリ,女,0770013182,1962/11/15
862,上岡裕次郎,カミオカユウジロウ,男,0978014504,1964/04/22
863,南治,ミナミオサム,男,0865108154,1964/12/20
864,中尾綾香,ナカオアヤカ,女,0276196728,1988/05/09
865,木原佳代,キハラカヨ,女,0871095267,1969/06/28
866,小山田里咲,オヤマダリサ,女,0629935706,1972/05/04
867,三井仁一,ミツイジンイチ,男,0460534786,1987/06/26
868,諏訪律子,スワリツコ,女,0829414929,1979/11/03
869,江頭克彦,エガシラカツヒコ,男,0493393997,1957/10/22
870,二瓶裕司,ニヘイユウジ,男,0543824574,1978/01/15
871,大田邦男,オオタクニオ,男,089698160,1976/05/12
872,恩田紗彩,オンダサアヤ,女,0867017855,1990/02/17
873,横山和葉,ヨコヤマカズハ,女,0734561013,1988/03/12
874,西田日向子,ニシダヒナコ,女,0927696073,1996/07/28
875,唐沢竹雄,カラサワタケオ,男,0895943429,1975/07/12
876,須賀孝之,スガタカユキ,男,0450909095,1975/07/13
877,石渡裕信,イシワタリヒロノブ,男,0868494158,1961/05/09
878,西本憲司,ニシモトケンジ,男,0222249170,1987/07/15
879,鳴海良之,ナルミヨシユキ,男,0581481893,1982/12/12
880,出口雛子,デクチヒナコ,女,022714683,1985/11/02
881,南和義,ミナミカズヨシ,男,0191047611,1961/08/28
882,白木晃,シラキアキラ,男,0178417096,1973/05/15
883,大友三朗,オオトモサブロウ,男,023864137,1986/04/03
884,丹野結香,タンノユイカ,女,0459415192,1965/04/07
885,柳田詩織,ヤナギダシオリ,女,068633984,1995/04/09
886,山崎金弥,ヤマザキキンヤ,男,0767553213,1970/07/25
887,山城俊史,ヤマシロトシフミ,男,0782651396,1994/11/30
888,波多野政一,ハタノマサイチ,男,0735511423,1986/09/03
889,浅野孝,アサノタカシ,男,0189653253,1995/03/06
890,橘仁美,タチバナヒトミ,女,086862366,1965/02/07
891,佐川辰二,サガワタツジ,男,0966225957,1978/01/23
892,石坂日向,イシザカヒナタ,女,0136136964,1989/02/03
893,古山清司,フルヤマキヨシ,男,0984650464,1963/03/16
894,冨田里歩,トミタリホ,女,0964606954,1988/05/28
895,嶋田美央,シマダミオ,女,0565455490,1985/03/04
896,小笠原凛香,オガサワラリンカ,女,0451912510,1980/02/22
897,泉尚夫,イズミヒサオ,男,0591255575,1967/04/10
898,長沢梨花,ナガサワリカ,女,0857275273,1979/08/25
899,白井奈々美,シライナナミ,女,0944254319,1981/09/23
900,秋本優香,アキモトユウカ,女,0284126590,1977/04/08
901,浅見千鶴子,アサミチヅコ,女,0930753854,1960/03/03
902,佐藤敏子,サトウトシコ,女,0766427514,1957/01/24
903,陳徳雄,チントクオ,男,0578226603,1968/05/17
904,高見政男,タカミマサオ,男,0276701546,1958/11/10
905,楠正治,クスノキショウジ,男,0746638940,1983/05/10
906,出口藍,デクチアイ,女,0153709405,1995/11/08
907,船越吉彦,フナコシヨシヒコ,男,0942486109,1983/10/16
908,二宮真澄,ニノミヤマスミ,女,0693640460,1979/04/25
909,岩沢完治,イワサワカンジ,男,0889011477,1979/12/04
910,大畑忠一,オオハタチュウイチ,男,0795363519,1988/03/27
911,江崎文彦,エザキフミヒコ,男,0463244485,1984/06/03
912,深沢由実,フカザワユミ,女,0275770991,1968/08/15
913,大和陽一郎,ダイワヨウイチロウ,男,0233367951,1961/10/20
914,古谷志帆,フルヤシホ,女,0837685514,1990/05/04
915,八田香奈,ヤツタカナ,女,0798368731,1975/08/22
916,徳田香,トクダカオル,女,0434266063,1966/05/01
917,平賀恭子,ヒラガキョウコ,女,0957293856,1976/04/16
918,中沢彩乃,ナカザワアヤノ,女,0986790956,1979/10/02
919,塩田晃年,シオダアキトシ,男,0881303357,1975/11/09
920,渋谷雅美,シブヤマサミ,女,0272961332,1974/06/17
921,東山駿,ヒガシヤマシュン,男,0263767275,1975/02/22
922,高村小百合,タカムラサユリ,女,0989511812,1988/11/29
923,川井美奈代,カワイミナヨ,女,0547677008,1962/12/17
924,新垣葉菜,アラガキハナ,女,0833425590,1984/10/07
925,北山正道,キタヤママサミチ,男,0239514827,1958/08/26
926,岩城芳男,イワキヨシオ,男,0975900692,1959/10/28
927,辻優,ツジマサル,男,0769441148,1985/10/20
928,中澤理恵,ナカザワリエ,女,0735703871,1975/08/19
929,中塚和正,ナカツカカズマサ,男,0737718922,1990/09/30
930,粕谷章一,カスヤショウイチ,男,0942017650,1965/01/06
931,関口芳雄,セキグチヨシオ,男,0555780713,1983/08/13
932,皆川厚,ミナガワアツシ,男,053714825,1996/07/23
933,東山初音,ヒガシヤマハツネ,女,0734852609,1987/10/17
934,氏家一葉,ウジイエカズハ,女,0412323700,1964/11/17
935,西野優菜,ニシノユウナ,女,0469453676,1956/12/05
936,岸田頼子,キシダヨリコ,女,0173842061,1992/08/12
937,櫻井歌音,サクライカノン,女,0972356151,1980/01/16
938,永山章夫,ナガヤマアキオ,男,0749258597,1987/10/20
939,坂上美名子,サカガミミナコ,女,0893457867,1981/08/12
940,竹内柚季,タケウチユズキ,女,0768282065,1965/06/13
941,小寺孝通,オデラタカミチ,男,0839658288,1972/08/14
942,中尾喜代志,ナカオキヨシ,男,0175925149,1983/10/02
943,荻原紗彩,オギワラサアヤ,女,0994137772,1971/12/04
944,八木美由紀,ヤギミユキ,女,0958615077,1966/03/06
945,長井志乃,ナガイシノ,女,0857162717,1974/02/05
946,天野渚,アマノナギサ,女,0564776534,1982/02/26
947,榎本知子,エノモトトモコ,女,0982622480,1983/02/18
948,畑中信也,ハタナカシンヤ,男,0768877468,1970/07/25
949,北田来実,キタダクルミ,女,076075210,1991/02/09
950,林義和,ハヤシヨシカズ,男,0887842425,1986/09/06
951,大山修司,オオヤマシュウジ,男,0949378296,1976/04/19
952,富永沙和,トミナガサワ,女,0558431436,1982/09/01
953,小俣沙紀,オマタサキ,女,07808621,1989/04/05
954,川田良子,カワダヨシコ,女,0797419091,1960/08/20
955,岩瀬裕美子,イワセユミコ,女,0566364530,1968/01/03
956,大倉紀之,オオクラノリユキ,男,0955315527,1964/05/26
957,重松栄一,シゲマツエイイチ,男,0983479798,1969/07/30
958,堀口華,ホリグチハナ,女,0947023118,1982/05/01
959,柿崎美香,カキザキミカ,女,0607656449,1970/06/08
960,江田千鶴子,エダチヅコ,女,0551610576,1960/04/26
961,北村理子,キタムラリコ,女,0474658717,1959/06/21
962,河井奈緒子,カワイナオコ,女,0418915838,1982/10/16
963,上杉仁美,ウエスギヒトミ,女,0974131680,1964/08/26
964,笠井佳奈,カサイヨシナ,女,097329436,1968/04/25
965,高畑真琴,タカハタマコト,女,0986663148,1982/11/03
966,影山勇二,カゲヤマユウジ,男,0731403006,1960/12/05
967,松下千紘,マツシタチヒロ,女,0858755194,1978/10/14
968,森島桃華,モリシマモモカ,女,0982178468,1963/10/15
969,栗原裕一,クリハラユウイチ,男,0856831425,1957/09/05
970,古橋孝吉,フルハシコウキチ,男,0529278370,1979/09/02
971,滝川清蔵,タキガワセイゾウ,男,0838372801,1978/09/09
972,長嶋晴久,ナガシマハルヒサ,男,0459909246,1958/05/25
973,竹中弘子,タケナカヒロコ,女,0858930715,1979/12/22
974,井口明美,イグチアキメ,女,0888045374,1967/02/08
975,石塚悦代,イシヅカエツヨ,女,0942613419,1988/06/12
976,石黒美海,イシグロミウ,女,0982905515,1985/03/25
977,秋本真凛,アキモトマリン,女,0282539063,1984/12/18
978,岩田文二,イワタブンジ,男,0888989714,1974/12/19
979,野中若奈,ノナカワカナ,女,0192534052,1976/01/19
980,高畑毅雄,タカハタタケオ,男,0944760572,1962/07/09
981,古橋涼花,フルハシスズカ,女,0778531618,1987/02/28
982,長島一路,ナガシマカズミチ,男,0244134806,1990/03/05
983,大野肇,オオノハジメ,男,0270613990,1996/06/20
984,松沢譲,マツザワユズル,男,0958557389,1987/02/21
985,古沢力雄,フルサワリキオ,男,0475028880,1988/11/30
986,長谷川淳一,ハセガワジュンイチ,男,0580891015,1988/04/06
987,橋口堂下,ハシグチドウシタ,女,0170971716,1971/04/20
988,福永今日子,フクナガキョウコ,女,0841531020,1978/11/10
989,那須美也子,ナスミヤコ,女,0880834027,1958/11/16
990,阿部実桜,アベミオ,女,073049656,1958/01/28
991,菅原幹彦,スガハラミキヒコ,男,0770085961,1987/03/07
992,水上由姫,ミズカミユキ,女,0997606693,1980/04/23
993,大矢和,オオヤノドカ,女,0942981026,1988/02/08
994,大貫奈保美,オオヌキナホミ,女,0526500603,1992/10/23
995,寺西真依,テラニシマイ,女,0954132731,1979/04/07
996,田口歌音,タグチカノン,女,0287313121,1966/09/17
997,東岩雄,アズマイワオ,男,0765755074,1966/12/15
998,菊池冨美子,キクチフミコ,女,0879849028,1984/05/19
999,赤松和弘,アカマツカズヒロ,男,0883097005,1957/04/09
1000,金山香乃,カナヤマカノ,女,0983821400,1994/05/14
