﻿<?xml version="1.0" encoding="utf-8" ?>
<Data>
  <Characters>
    <Character 姓="風浦" 名="可符香" 出席番号等="14" 補足="超ポジティブ少女" CV="16" />
    <Character 姓="木村" 名="カエレ" 出席番号等="21" 補足="人格バイリンガル少女" CV="7" />
    <Character 姓="常月" 名="まとい" 出席番号等="25" 補足="ストーカー少女" CV="10" />
    <Character 姓="大草" 名="麻菜実" 出席番号等="15" 補足="主婦女子高生・多重債務" CV="1" />
    <Character 姓="小節" 名="あびる" 出席番号等="22" 補足="しっぽ好き・被DV疑惑少女" CV="6" />
    <Character 姓="日塔" 名="奈美" 出席番号等="27" 補足="普通少女" CV="12" />
    <Character 姓="音無" 名="芽留" 出席番号等="16" 補足="毒舌メール少女" CV="9" />
    <Character 姓="藤吉" 名="晴美" 出席番号等="28" 補足="耳好き・カップリング中毒" CV="17" />
    <Character 姓="小森" 名="霧" 出席番号等="23" 補足="ひきこもり少女" CV="14" />
    <Character 姓="加賀" 名="愛" 出席番号等="18" 補足="加害妄想少女" CV="5" />
    <Character 姓="三珠" 名="真夜" 出席番号等="31" 補足="見たまま少女" CV="14" />
    <Character 姓="木津" 名="千里" 出席番号等="20" 補足="几帳面・粘着質少女" CV="2" />
    <Character 姓="関内" 名="マリア" 出席番号等="11" 補足="不法入校・難民少女" CV="11" />
    <Character 姓="臼井" 名="影朗" 出席番号等="3" 補足="委員長" CV="3" />
    <Character 姓="久遠" 名="准" 出席番号等="9" 補足="天才ストーリーテラー" CV="18" />
    <Character 姓="木野" 名="国也" 出席番号等="8" 補足="図書委員・超負けず嫌い" CV="15" />
    <Character 姓="万世橋" 名="わたる" 出席番号等="2のほ組" 補足="硬派オタク" CV="3" />
    <Character 姓="糸色" 名="望" 出席番号等="四男" 補足="超ネガティブ教師" CV="4" />
    <Character 姓="糸色" 名="倫" 出席番号等="長女" 補足="糸色望之妹" CV="19" />
    <Character 姓="糸色" 名="景" 出席番号等="二男" 補足="自己完結芸術家" CV="8" />
    <Character 姓="糸色" 名="命" 出席番号等="三男" 補足="糸色医院開業医" CV="4" />
    <Character 姓="糸色" 名="交" 出席番号等="甥" 補足="糸色望宅居候" CV="19" />
    <Character 姓="一旧さん" 補足="糸色望旧友" CV="13" />
    <Character 姓="新井" 名="智恵" CV="19" />
    <Character 姓="甚六先生" CV="3" />
  </Characters>
  <CvList>
    <CV 姓="井上" 名="喜久子" かばね="いのうえ" な="きくこ" ID="1" />
    <CV 姓="井上" 名="麻里奈" かばね="いのうえ" な="まりな" ID="2" />
    <CV 姓="上田" 名="耀司" かばね="うえだ" な="ようじ" ID="3" />
    <CV 姓="神谷" 名="浩史" かばね="かみや" な="ひろし" ID="4" />
    <CV 姓="後藤" 名="沙緒里" かばね="ごとう" な="さおり" ID="5" />
    <CV 姓="後藤" 名="邑子" かばね="ごとう" な="ゆうこ" ID="6" />
    <CV 姓="小林" 名="ゆう" かばね="こばやし" な="ゆう" ID="7" />
    <CV 姓="子安" 名="武人" かばね="こやす" な="たけひと" ID="8" />
    <CV 姓="斎藤" 名="千和" かばね="さいとう" な="ちわ" ID="9" />
    <CV 姓="真田" 名="アサミ" かばね="さなだ" な="あさみ" ID="10" />
    <CV 姓="沢城" 名="みゆき" かばね="さわしろ" な="みゆき" ID="11" />
    <CV 姓="新谷" 名="良子" かばね="しんたに" な="りょうこ" ID="12" />
    <CV 姓="杉田" 名="智和" かばね="すぎた" な="ともかず" ID="13" />
    <CV 姓="谷井" 名="あすか" かばね="たにい" な="あすか" ID="14" />
    <CV 姓="寺島" 名="拓篤" かばね="てらしま" な="たくま" ID="15" />
    <CV 姓="野中" 名="藍" かばね="のなか" な="あい" ID="16" />
    <CV 姓="松来" 名="未祐" かばね="まつき" な="みゆ" ID="17" />
    <CV 姓="水島" 名="大宙" かばね="みずしま" な="たかひろ" ID="18" />
    <CV 姓="矢島" 名="晶子" かばね="やじま" な="あきこ" ID="19" />
  </CvList>
</Data>
