﻿<?xml version="1.0" encoding="utf-8" ?>

<Fsm Namespace="CalcForm" Class="Calculator" InitialState="Initial">
	<Head>
using System;
	</Head>

	<States TypeName="StateType">
		<State Name="Initial"/>
		<State Name="InputDigit"/>
		<State Name="Compute"/>
		<State Name="Equal"/>
	</States>

	<Events TypeName="EventType">
		<Event Name="Digit" OptionType="double"/>
		<Event Name="Operator" OptionType="Operator"/>
		<Event Name="Equal"/>
		<Event Name="Clear"/>
	</Events>

	<Transitions>
		<Transition From="Initial" Event="Digit" To="InputDigit" Param="x">
			dspValue = x;
		</Transition>
		<Transition From="Initial" Event="Operator" To="Compute" Param="x">
			CalKey();
			op = x;
		</Transition>

		<Transition From="InputDigit" Event="Digit" To="InputDigit" Param="x">
			dspValue = dspValue * 10 + x;
		</Transition>
		<Transition From="InputDigit" Event="Operator" To="Compute" Param="x">
			CalKey();
			op = x;
		</Transition>
		<Transition From="InputDigit" Event="Equal" To="Equal">
			CalKey();
		</Transition>
		<Transition From="InputDigit" Event="Clear" To="Initial">
			Init();
		</Transition>

		<Transition From="Compute" Event="Digit" To="InputDigit" Param="x">
			memValue = dspValue;
			dspValue = x;
		</Transition>
		<Transition From="Compute" Event="Operator" To="Compute" Param="x">
			op = x;
		</Transition>
		<Transition From="Compute" Event="Equal" To="Equal">
		</Transition>
		<Transition From="Compute" Event="Clear" To="Initial">
			Init();
		</Transition>

		<Transition From="Equal" Event="Digit" To="InputDigit" Param="x">
			memValue = 0d;
			dspValue = (double)x;
			op = Operator.None;
		</Transition>
		<Transition From="Equal" Event="Operator" To="Compute" Param="x">
			op = x;
		</Transition>
		<Transition From="Equal" Event="Equal" To="Equal">
			CalKey();
		</Transition>
		<Transition From="Equal" Event="Clear" To="Initial">
			Init();
		</Transition>
	</Transitions>
</Fsm>
