﻿<?xml version="1.0" encoding="utf-8" ?>
<Jobs>
	<Job Name="すっぴん" Command="なし" Feature="なし" Weapon="全て" HP="－" MP="－" Strength="－" Agility="－" Vitality="－" Magic="">
		<Description>すっぴん一切ＡＢＰを稼げず、覚えるアビリティもない。固定コマンドがないのでアビリティを２つくっつけることができる。また、他のジョブをマスターすると、そのジョブのジョブ特性を発揮できるようになる。例えばナイトをマスターすると「かばう」が付加される。ただし「バーサク」だけは例外として発揮されない。</Description>
		<Abilities />
	</Job>
	<Job Name="ナイト" Command="まもり" Feature="かばう" Weapon="剣、騎士剣、盾" HP="３" MP="－２" Strength="８" Agility="０" Vitality="７" Magic="">
		<Description>ナイト攻守ともバランスの取れたジョブ。剣の他にナイト専用の騎士剣を装備できるので、ゲーム後半でも打撃の主力になる。魔力が低いので魔法系のアビリティをくっつけても効果は期待できない。</Description>
		<Abilities>
			<Ability Name="かばう" Abp="10" Description="瀕死の仲間の代わりに物理攻撃を受けてかばう。" />
			<Ability Name="!まもり" Abp="30" Description="自分への物理攻撃のみを完全に防げる。" />
			<Ability Name="りょうてもち" Abp="50" Description="１本の武器を両手で持って攻撃力２倍。盾を装備すると無効。" />
			<Ability Name="たてそうび" Abp="100" Description="盾を装備できないジョブでも装備できるようになる。" />
			<Ability Name="よろいそうび" Abp="150" Description="鎧を装備できないジョブでも装備できるようになる。" />
			<Ability Name="けんそうび" Abp="350" Description="剣を装備できないジョブでも装備できるようになる。" />
		</Abilities>
	</Job>
	<Job Name="モンク" Command="けり" Feature="かくとう" Weapon="なし" HP="４" MP="－４" Strength="９" Agility="０" Vitality="１０" Magic="">
		<Description>モンク武器も盾も一切装備できないが素手でも十分強い。ただ、防具が軽装に限られるので守りは多少不安。固定コマンドの「けり」は全体攻撃できるので活用したい。攻撃を受けると「カウンター」で勝手に反撃してくれる。ＭＰ、魔力とも全ジョブ中、最低なので魔法系アビリティはくっつけない方が身のため。</Description>
		<Abilities>
			<Ability Name="!ためる" Abp="15" Description="１ターン待機して次のターンで２倍のダメージ。" />
			<Ability Name="かくとう" Abp="30" Description="素手の時にモンクと同様の攻撃力を発揮できる。" />
			<Ability Name="!チャクラ" Abp="45" Description="ＭＰを消費せず、ＨＰ・暗闇・毒を回復する。" />
			<Ability Name="カウンター" Abp="60" Description="物理攻撃を受けたら、「たたかう」で反撃する。" />
			<Ability Name="ＨＰ１０％アップ" Abp="100" Description="最大ＨＰを１０％高める。" />
			<Ability Name="ＨＰ２０％アップ" Abp="150" Description="最大ＨＰを２０％高める。" />
			<Ability Name="ＨＰ３０％アップ" Abp="300" Description="最大ＨＰを３０％高める。" />
		</Abilities>
	</Job>
	<Job Name="シーフ" Command="ぬすむ" Feature="けいかい" Weapon="なし" HP="０" MP="－１" Strength="０" Agility="６" Vitality="１" Magic="">
		<Description>シーフ力はすっぴんと代わらないが、武器は短剣に限られ、盾、鎧とも装備できないので戦闘では足手まといに。素早さが高いのでパーティーのサポート役に徹した方がいい。移動中に発揮されるジョブ特性は多彩だ。</Description>
		<Abilities>
			<Ability Name="かくしつうろ" Abp="10" Description="建物やダンジョン内の隠し通路が見えるようになる。" />
			<Ability Name="!とんずら" Abp="20" Description="戦闘から即座に逃げ出せる。ボスからは逃げられない。" />
			<Ability Name="ダッシュ" Abp="30" Description="Ｂボタンを押すと町や建物内で２倍の速さで移動できる。" />
			<Ability Name="!ぬすむ" Abp="50" Description="敵からアイテムを盗み取る。" />
			<Ability Name="けいかい" Abp="75" Description="バックアタックを確実に防ぐ。" />
			<Ability Name="!ぶんどる" Abp="150" Description="敵を攻撃した上でさらにアイテムを盗み取る。" />
			<Ability Name="ちょこまかうごく" Abp="300" Description="シーフと同様の素早さになる。" />
		</Abilities>
	</Job>
	<Job Name="竜騎士" Command="ジャンプ" Feature="なし" Weapon="槍、盾" HP="３" MP="－２" Strength="６" Agility="－２" Vitality="６" Magic="">
		<Description>竜騎士ナイトに比べるとやや力は劣るが、ジャンプでカバーできる。ジャンプは槍を装備しているとダメージが２倍になる。また「りゅうけん」は、魔道士系のジョブにくっつけるとかなり便利。</Description>
		<Abilities>
			<Ability Name="!ジャンプ" Abp="50" Description="高く飛び上がって攻撃。確実に命中する上、ジャンプ中は無敵。" />
			<Ability Name="!りゅうけん" Abp="150" Description="敵のＨＰとＭＰを吸い取る。アンデッドには逆効果。" />
			<Ability Name="やりそうび" Abp="400" Description="他のジョブでも槍を装備できる。" />
		</Abilities>
	</Job>
	<Job Name="忍者" Command="なげる" Feature="せんせいこうげき" Weapon="なし" HP="０" MP="－２" Strength="５" Agility="６" Vitality="１" Magic="">
		<Description>忍者戦士系では素早さは最高クラスなのだが、力が低く、武器も短剣しか装備できない。その代わり、武器を２つ装備して２回攻撃ができる。ＨＰが低く、身軽さを重視するので鎧も装備できないため、打たれ弱いのは厳しいところ。「なげる」は武器ばかりでなく、「かとんのじゅつ」などの術も活用したい。ただし、いずれも投げると消耗する。</Description>
		<Abilities>
			<Ability Name="!けむりだま" Abp="10" Description="戦闘から即座に逃走。ボス戦では無効。" />
			<Ability Name="!ぶんしん" Abp="30" Description="分身を発生して物理攻撃を２回まで回避する。" />
			<Ability Name="せんせいこうげき" Abp="50" Description="先制攻撃をしかける確率が上がる。" />
			<Ability Name="!なげる" Abp="150" Description="武器を消耗して大ダメージを与える。「術」も投げられる。" />
			<Ability Name="にとうりゅう" Abp="450" Description="忍者以外のジョブでも武器を２つ装備して２回攻撃できる。" />
		</Abilities>
	</Job>
	<Job Name="侍" Command="ぜになげ" Feature="しらはどり" Weapon="刀、盾" HP="３" MP="－２" Strength="７" Agility="１" Vitality="７" Magic="">
		<Description>侍侍のみ装備できる刀はクリティカルヒットが出やすいのでその分お得。さらに「しらはどり」で物理攻撃を防ぐこともでき、攻守はナイトを上回るかもしれない。ただ、「ぜになげ」はギルを大量に消費するし、「いあいぬき」は強い敵にはほとんど通用しないので、取得するアビリティはあまり使えない。</Description>
		<Abilities>
			<Ability Name="!みねうち" Abp="10" Description="敵を１体マヒさせる。ダメージは与えない。" />
			<Ability Name="!ぜになげ" Abp="30" Description="大量のギルを投げて敵全てに大ダメージを与える。" />
			<Ability Name="しらはどり" Abp="60" Description="物理攻撃に限って攻撃を交わす確率が上がる。" />
			<Ability Name="かたなそうび" Abp="180" Description="他のジョブでも刀を装備できる。" />
			<Ability Name="!いあいぬき" Abp="540" Description="成功すれば敵を全滅させられる。" />
		</Abilities>
	</Job>
	<Job Name="バーサーカー" Command="なし" Feature="バーサク" Weapon="オノ、盾" HP="４" MP="－４" Strength="８" Agility="－４" Vitality="９" Magic="">
		<Description>バーサーカーいつでもバーサク状態なので一切操作を受け付けない。その代わり無類の攻撃力を誇り、ＨＰも高く、装備品も充実している。勝手に戦うので、綿密な作戦を立てて戦いたい人には使いにくいジョブかもしれない。言うまでもないが、全く操作できないので、一切のコマンド型アビリティはくっつけるだけ無駄だ。</Description>
		<Abilities>
			<Ability Name="バーサク" Abp="100" Description="常にバーサク状態になる。" />
			<Ability Name="おのそうび" Abp="400" Description="他のジョブでもオノを装備できる。" />
		</Abilities>
	</Job>
	<Job Name="狩人" Command="ねらう" Feature="なし" Weapon="弓矢" HP="０" MP="－１" Strength="６" Agility="５" Vitality="０" Magic="">
		<Description>狩人唯一弓矢を装備できるジョブ。弓矢は後列からでもダメージが変わらないが、両手がふさがってしまう。防具が軽装に限られ、ＨＰも高くないので本来は戦闘向きのジョブではない。素早さが高めなので、間接的にサポートできるアビリティでパーティーを支援するのが望ましい。</Description>
		<Abilities>
			<Ability Name="!どうぶつ" Abp="15" Description="動物を呼んで特殊攻撃をする。出る動物はランダム。" />
			<Ability Name="!ねらう" Abp="45" Description="攻撃を確実に命中させられる。弓矢以外の武器でもＯＫ。" />
			<Ability Name="ゆみやそうび" Abp="135" Description="他のジョブでも弓矢が装備できる。" />
			<Ability Name="!みだれうち" Abp="405" Description="４回攻撃できるが、１回の攻撃力は半減。つまり実質２倍。" />
		</Abilities>
	</Job>
	<Job Name="魔法剣士" Command="まほうけん" Feature="まほうバリア" Weapon="剣、盾" HP="２" MP="０" Strength="５" Agility="６" Vitality="５" Magic="">
		<Description>魔法剣士戦士としてもそこそこの能力があるが、戦士系の割にＭＰも魔力も高め。最大の特徴は魔法剣。魔法剣は１ターン消費するが一度使えば戦闘中はずっと有効。ボス戦では必須。ただし魔法剣は剣と騎士剣にしか使えないので注意。最初から全てのレベルの魔法剣を使用できる。</Description>
		<Abilities>
			<Ability Name="まほうバリア" Abp="10" Description="瀕死になると、ＭＰを消費せずに自動で「シェル」を発動。" />
			<Ability Name="!まほうけん(Ｌ１)" Abp="20" Description="レベル１の黒魔法を魔法剣として使用できる。" />
			<Ability Name="!まほうけん(Ｌ２)" Abp="30" Description="レベル２までの白・黒魔法を魔法剣として使用できる。" />
			<Ability Name="!まほうけん(Ｌ３)" Abp="50" Description="レベル３までの黒魔法を魔法剣として使用できる。" />
			<Ability Name="!まほうけん(Ｌ４)" Abp="70" Description="レベル４までの黒魔法を魔法剣として使用できる。" />
			<Ability Name="!まほうけん(Ｌ５)" Abp="100" Description="レベル５までの黒魔法を魔法剣として使用できる。" />
			<Ability Name="!まほうけん(Ｌ６)" Abp="400" Description="レベル６までの白・黒魔法を魔法剣として使用できる。" />
		</Abilities>
	</Job>
	<Job Name="白魔道士" Command="しろまほう" Feature="なし" Weapon="杖（短剣は装備不能）" HP="０" MP="４" Strength="－３" Agility="０" Vitality="０" Magic="">
		<Description>白魔道士白魔法を使うことでパーティーの回復を一手に担える。唯一、短剣を装備できないジョブで、力も低い。杖の攻撃力も無いに等しいのでＭＰが切れると手も足も出ない。そのためアビリティはＭＰを必要としないものを選ぶのが無難。「かくとう」などが有効だ。「ＭＰ１０％アップ」のアビリティは取得する必要なし。最初から全てのレベルの白魔法を使用できる。</Description>
		<Abilities>
			<Ability Name="!しろまほう(Ｌ１)" Abp="10" Description="レベル１までの白魔法を使用できる。" />
			<Ability Name="!しろまほう(Ｌ２)" Abp="20" Description="レベル２までの白魔法を使用できる。" />
			<Ability Name="!しろまほう(Ｌ３)" Abp="30" Description="レベル３までの白魔法を使用できる。" />
			<Ability Name="!しろまほう(Ｌ４)" Abp="50" Description="レベル４までの白魔法を使用できる。" />
			<Ability Name="!しろまほう(Ｌ５)" Abp="70" Description="レベル５までの白魔法を使用できる。" />
			<Ability Name="!しろまほう(Ｌ６)" Abp="100" Description="レベル６までの白魔法を使用できる。" />
			<Ability Name="ＭＰ１０％アップ" Abp="300" Description="最大ＭＰを１０％上昇させる。" />
		</Abilities>
	</Job>
	<Job Name="黒魔道士" Command="くろまほう" Feature="なし" Weapon="ロッド" HP="０" MP="５" Strength="－３" Agility="０" Vitality="－１" Magic="">
		<Description>黒魔道士多彩な魔法攻撃を繰り出せ、通常戦、ボス戦ともにオールラウンドに戦える。ＭＰも豊富で魔力も高い。ただ、いったんＭＰが切れると単なる足手まといになってしまうので、くっつけるアビリティは慎重に選びたい。「ＭＰ３０％アップ」は、魔道士系ジョブを中心に使っていきたいのなら早期に取得するといいだろう。最初から全てのレベルの黒魔法を使用できる。</Description>
		<Abilities>
			<Ability Name="!くろまほう(Ｌ１)" Abp="10" Description="レベル１までの黒魔法を使用できる。" />
			<Ability Name="!くろまほう(Ｌ２)" Abp="20" Description="レベル２までの黒魔法を使用できる。" />
			<Ability Name="!くろまほう(Ｌ３)" Abp="30" Description="レベル３までの黒魔法を使用できる。" />
			<Ability Name="!くろまほう(Ｌ４)" Abp="50" Description="レベル４までの黒魔法を使用できる。" />
			<Ability Name="!くろまほう(Ｌ５)" Abp="70" Description="レベル５までの黒魔法を使用できる。" />
			<Ability Name="!くろまほう(Ｌ６)" Abp="100" Description="レベル６までの黒魔法を使用できる。" />
			<Ability Name="ＭＰ３０％アップ" Abp="250" Description="最大ＭＰを３０％上昇できる。" />
		</Abilities>
	</Job>
	<Job Name="時魔道士" Command="じくう" Feature="なし" Weapon="ロッド、杖" HP="－１" MP="４" Strength="－２" Agility="１" Vitality="－１" Magic="">
		<Description>時魔道士時空魔法は間接的な魔法が多いので序盤では使いづらい。しかし、後半以降やボス戦では敵もかなり強力になってくるので、次第に役割は重要になる。ＭＰは豊富にあるので、他の魔法系アビリティをくっつけて時空魔法と併用していくといいだろう。非力なジョブなのでＭＰが尽きるとお荷物と化す。「ロッドそうび」は取得する価値なし。最初から全てのレベルの時空魔法を使用できる。</Description>
		<Abilities>
			<Ability Name="!じくう(Ｌ１)" Abp="10" Description="レベル１までの時空魔法を使用できる。" />
			<Ability Name="!じくう(Ｌ２)" Abp="20" Description="レベル２までの時空魔法を使用できる。" />
			<Ability Name="!じくう(Ｌ３)" Abp="30" Description="レベル３までの時空魔法を使用できる。" />
			<Ability Name="!じくう(Ｌ４)" Abp="50" Description="レベル４までの時空魔法を使用できる。" />
			<Ability Name="!じくう(Ｌ５)" Abp="70" Description="レベル５までの時空魔法を使用できる。" />
			<Ability Name="!じくう(Ｌ６)" Abp="100" Description="レベル６までの時空魔法を使用できる。" />
			<Ability Name="ロッドそうび" Abp="250" Description="他のジョブでもロッドを装備できる。" />
		</Abilities>
	</Job>
	<Job Name="召喚士" Command="しょうかん" Feature="なし" Weapon="ロッド" HP="０" MP="６" Strength="－４" Agility="０" Vitality="０" Magic="">
		<Description>召喚士ＭＰ、魔力ともに全ジョブ中最大。ただし、召喚魔法もＭＰの消耗が激しいので、使いすぎには気をつけたい。たっぷりあるＭＰは、他の魔法系アビリティをくっつけて有効に使おう。力は魔道士系ジョブの常として大変低い。「よびだす」は自分で召喚獣を選べないので無理して取得する必要はない。使いづらいだけだ。最初から全てのレベルの召喚魔法を使用できる。</Description>
		<Abilities>
			<Ability Name="!しょうかん(Ｌ１)" Abp="15" Description="レベル１までの召喚魔法を使用できる。" />
			<Ability Name="!しょうかん(Ｌ２)" Abp="30" Description="レベル２までの召喚魔法を使用できる。" />
			<Ability Name="!しょうかん(Ｌ３)" Abp="45" Description="レベル３までの召喚魔法を使用できる。" />
			<Ability Name="!しょうかん(Ｌ４)" Abp="60" Description="レベル４までの召喚魔法を使用できる。" />
			<Ability Name="!しょうかん(Ｌ５)" Abp="100" Description="レベル５までの召喚魔法を使用できる。" />
			<Ability Name="!よびだす" Abp="500" Description="使える召喚魔法をランダムで使用。ＭＰを消費しない。" />
		</Abilities>
	</Job>
	<Job Name="青魔道士" Command="あおまほう" Feature="ラーニング" Weapon="剣、ロッド、盾" HP="１" MP="４" Strength="－３" Agility="０" Vitality="１" Magic="">
		<Description>青魔道士魔法戦士としては異色のジョブで、剣や鎧を装備できるが基本能力が低いのであまり戦闘向きではない。逆にＭＰと魔力は魔道士系のジョブ並に高い。覚えたい青魔法を使ってくるボスとの戦いではもちろん、普段の戦闘でもそれなりに奮闘できる。青魔法は役に立つものとそうでないものの差が大きいが、便利なものはラーニングしづらい。どちらにしろ、ラーニングするまでは一切の青魔法は使えず、ＲＰＧ初心者にはお勧めできないジョブだ。</Description>
		<Abilities>
			<Ability Name="!しらべる" Abp="10" Description="敵の最大ＨＰと現在ＨＰがわかる。" />
			<Ability Name="ラーニング" Abp="20" Description="青魔法を敵から受けると、自分のものにできる。" />
			<Ability Name="!あおまほう" Abp="70" Description="ラーニングした青魔法を使える。" />
			<Ability Name="!みやぶる" Abp="250" Description="敵のＬＶ、最大ＨＰ、現在ＨＰ、弱点、状態がわかる。" />
		</Abilities>
	</Job>
	<Job Name="赤魔道士" Command="しろくろま" Feature="なし" Weapon="剣、ロッド、杖" HP="－１" MP="１" Strength="３" Agility="２" Vitality="－２" Magic="">
		<Description>赤魔道士魔法戦士系としてはもっとも使えないジョブ。全てのパラメータが戦士としても魔道士としても中途半端で、どっちつかず。白魔法と黒魔法の両方を操れるが、ＭＰも魔力も低い上にＬＶ３までしか使えない。それでも剣と魔法の両方が使えるのでＲＰＧ初心者には使いやすい。ゲームの序盤では、ジョブ間の能力の差も小さいのである程度は活躍できる。「れんぞくま」は思っているほど使えないので、無理に取得せずに、他を覚える方が賢明かもしれない。最初からレベル３までの白魔法と黒魔法を使用できる。</Description>
		<Abilities>
			<Ability Name="!しろくろま(Ｌ１)" Abp="20" Description="レベル１までの白魔法と黒魔法を使用できる。" />
			<Ability Name="!しろくろま(Ｌ２)" Abp="40" Description="レベル２までの白魔法と黒魔法を使用できる。" />
			<Ability Name="!しろくろま(Ｌ３)" Abp="100" Description="レベル３までの白魔法と黒魔法を使用できる。" />
			<Ability Name="!れんぞくま" Abp="999" Description="魔法を２回連続で使用できるが、威力は少し下がる。" />
		</Abilities>
	</Job>
	<Job Name="魔獣使い" Command="とらえる" Feature="なし" Weapon="ムチ" HP="１" MP="－１" Strength="５" Agility="０" Vitality="３" Magic="">
		<Description>魔獣使い非戦士系の割には力と体力は高め。専用武器のムチは後列から攻撃しても前列と同様の攻撃力がある。名前通り、獣タイプのモンスターとの戦いに強い。覚えるアビリティの「あやつる」「とらえる」は使い方が難しいので、上級者や普通のジョブでは満足できない人向き。「あやつる」は青魔法をラーニングする際に便利だ。</Description>
		<Abilities>
			<Ability Name="!なだめる" Abp="10" Description="モンスターの行動をしばらく停止させる。" />
			<Ability Name="!あやつる" Abp="50" Description="モンスターを操れるが、ダメージを与えると解ける。" />
			<Ability Name="むちそうび" Abp="100" Description="他のジョブでもムチを装備できる。" />
			<Ability Name="!とらえる" Abp="300" Description="HPを1/8以下にしたモンスターを捕まえて、戦わせられる。" />
		</Abilities>
	</Job>
	<Job Name="薬師" Command="のむ" Feature="くすりのちしき" Weapon="杖" HP="１" MP="－１" Strength="１" Agility="１" Vitality="２" Magic="">
		<Description>薬師戦闘中にポーションやエーテルを使うと２倍の効果が得られるが、それだけでは薬師の真価は半分しか発揮されない。「ちょうごう」で得られる効果は魔法も及ばないほど高く、中には魔法にも無い特殊な効果を発揮するものもある。うまく使えばボス戦での回復役は「しろまほう」に取って代われるほどの力を秘めている。「のむ」「ちゆ」「そせい」は意外なほど使えない。</Description>
		<Abilities>
			<Ability Name="くすりのちしき" Abp="15" Description="戦闘中に回復アイテムを使うと効果が２倍になる。" />
			<Ability Name="!ちょうごう" Abp="30" Description="アイテムを２つ組み合わせて特殊効果を生む。" />
			<Ability Name="!のむ" Abp="45" Description="戦闘中、専用のアイテムを本人のみ使用して一時的に強化。" />
			<Ability Name="!ちゆ" Abp="135" Description="パーティー全員のステータス異常をＭＰ不要で回復する。" />
			<Ability Name="!そせい" Abp="405" Description="パーティー全員にＭＰ不要でレイズをかけられる。" />
		</Abilities>
	</Job>
	<Job Name="風水師" Command="ちけい" Feature="ダメージゆか" Weapon="鐘" HP="１" MP="４" Strength="１" Agility="１" Vitality="２" Magic="">
		<Description>風水師全てのパラメータがすっぴんより上昇する、数少ないジョブ。特に魔道士系並のＭＰと魔力は、ぜひ魔法系のアビリティをくっつけて有効利用したい。「ちけい」はＭＰを必要とせずに複数の敵を攻撃できるのでかなり扱いやすいジョブだ。その他のアビリティは取得するに値しない。専用武器の鐘はたった３種類しかなく、どれも攻撃力は乏しい。武器は短剣を持たせた方がいいだろう。</Description>
		<Abilities>
			<Ability Name="!ちけい" Abp="25" Description="地形によって様々な特殊攻撃をＭＰ不要で加える。" />
			<Ability Name="ダメージゆか" Abp="50" Description="ダメージを受ける場所を歩いてもノーダメージになる。" />
			<Ability Name="おとしあなかいひ" Abp="100" Description="落とし穴に引っかかる直前に発見できる。" />
		</Abilities>
	</Job>
	<Job Name="吟遊詩人" Command="うたう" Feature="なし" Weapon="竪琴" HP="－２" MP="２" Strength="－３" Agility="３" Vitality="－３" Magic="">
		<Description>吟遊詩人はっきり言って使えないジョブ。パラメータは全然戦闘向きではないし、ＭＰも魔力も魔法系のアビリティを活用するには頼りない。竪琴は後列から攻撃しても攻撃力は前列と同じだが、それ以前に竪琴自身の攻撃力が弱い。「うたう」の効果もいまいち実感できず、それ以外に突出した技能もなく、後半ではかなり厳しい。よほどこのジョブに愛着のある人だけにしかお勧めはできない。</Description>
		<Abilities>
			<Ability Name="!かくれる" Abp="25" Description="１ターンの間、戦闘から外れて無敵になるが何もできない。" />
			<Ability Name="たてごとそうび" Abp="50" Description="他のジョブでも竪琴を装備できる。" />
			<Ability Name="!うたう" Abp="100" Description="覚えた歌を戦闘中に歌って特殊効果を得る。ＭＰ不要。" />
		</Abilities>
	</Job>
	<Job Name="踊り子" Command="おどる" Feature="なし" Weapon="なし" HP="－２" MP="－１" Strength="２" Agility="２" Vitality="－４" Magic="">
		<Description>踊り子全ジョブで１、２を争うほど使えないジョブ。パラメータは低く、「おどる」は効果も定まらない上にアンデッド相手だと逆に危険。ただ、「レインボードレス」「ラミアのティアラ」「赤い靴」のどれかを装備すると、踊りで「剣の舞い」が出やすくなる。剣の舞いは攻撃力が通常の４倍。また、唯一リボンを装備できるが、ジョブ自体が貧弱なのであまり意味がない。</Description>
		<Abilities>
			<Ability Name="!いろめ" Abp="25" Description="敵を誘惑して少しの間、動きを止める。" />
			<Ability Name="!おどる" Abp="50" Description="特殊な効果をランダムで発揮。ＭＰは不要。" />
			<Ability Name="リボンそうび" Abp="325" Description="リボンの他、踊り子専用の防具を装備可能になる。" />
		</Abilities>
	</Job>
	<Job Name="ものまね師" Command="ものまね" Feature="なし" Weapon="ロッド、杖、盾" HP="０" MP="０" Strength="０" Agility="０" Vitality="０" Magic="">
		<Description>ものまね師「ものまね」以外全てのコマンドを自由に付け替えられ、「たたかう」「アイテム」コマンドも変更可能。つまり最大で３つのアビリティをくっつけることができる。すっぴん同様に、マスターになった他のジョブの特性を自動的に発揮する。パラメータはすっぴんと同じだが、剣を装備できないので攻撃力ではだいぶ劣ってしまう。「ものまね」は直前の味方と全く同じ行動をする。例えまだ自分には使えない技や魔法であっても可能。さらに魔法をものまねしてもＭＰを消耗しないのは嬉しい。隠しジョブなので「ものまねし」に勝たないとなれない。</Description>
		<Abilities>
			<Ability Name="!ものまね" Abp="999" Description="直前の味方の行動をそっくりまねる。" />
		</Abilities>
	</Job>
</Jobs>
