<publishData>
  <publishTarget publishUrl="C:\Users\iwanaga\Desktop\temp\inetpub\Services\GameService\">
    <file relUrl="GameCharacter.svc" publishTime="06/09/2008 22:56:09" />
    <file relUrl="bin/GameServerIis.pdb" publishTime="06/09/2008 23:35:52" />
    <file relUrl="bin/GameCharacter.dll" publishTime="06/09/2008 23:35:52" />
    <file relUrl="bin/GameCharacter.pdb" publishTime="06/09/2008 23:35:52" />
    <file relUrl="bin/GameServerIis.dll" publishTime="06/09/2008 23:35:52" />
    <file relUrl="Web.config" publishTime="06/09/2008 19:16:30" />
  </publishTarget>
</publishData>