<?xml version="1.0" encoding="UTF-8"?>

<types
  namespace="Ufcpp"
  xmlns="http://ufcpp.net/Types.xsd">

  <type
    id="Point"
    param="p"
    description="2次元状の点"
	>
    <attribute name="x" type="float"/>
    <attribute name="y" type="float"/>
  </type>

  <type
    id="Color"
    param="c"
    description="色"
    >
    <attribute name="r" type="float"/>
    <attribute name="g" type="float"/>
    <attribute name="b" type="float"/>
    <attribute name="a" type="float"/>
  </type>

  <type
    id="Line"
    param="line"
    description="線分"
	>
    <attribute name="thickness" type="float"/>
    <element name="color" typeId="Color"/>
    <element name="start" typeId="Point"/>
    <element name="end" typeId="Point"/>
  </type>

  <type
    id="Material"
    param="m"
    description="マテリアル"
    >
    <attribute name="shininess" type="float"/>
    <element name="ambient" typeId="Color"/>
    <element name="diffuse" typeId="Color"/>
    <element name="specular" typeId="Color"/>
  </type>

  <type
    id="Triangle"
    param="triangle"
    description="三角形"
    >
    <element name="material" typeId="Material"/>
    <element name="a" typeId="Point"/>
    <element name="b" typeId="Point"/>
    <element name="c" typeId="Point"/>
  </type>

</types>
